player_name,position,injury_type,status,practice_participation,team,source,scraped_at
Dadrion Taylor-Demerson,S,Back,Out,,Arizona Cardinals,ESPN,2026-10-04 09:13:47.918632
Josh Sweat,LB,Groin,Questionable,,Arizona Cardinals,ESPN,2026-10-04 09:13:47.918632
Roy Lopez,DT,,Active,,Arizona Cardinals,ESPN,2026-10-04 09:13:47.918632
Hjalte Froholdt,C,,Active,,Arizona Cardinals,ESPN,2026-10-04 09:13:47.918632
Walter Nolen III,DT,,Active,,Arizona Cardinals,ESPN,2026-10-04 09:13:47.918632
Mack Wilson Sr.,LB,,Active,,Arizona Cardinals,ESPN,2026-10-04 09:13:47.918632
Andrew Wingard,S,,Active,,Arizona Cardinals,ESPN,2026-10-04 09:13:47.918632
Kendrick Bourne,WR,,Active,,Arizona Cardinals,ESPN,2026-10-04 09:13:47.918632
Tyler Allgeier,RB,,Active,,Arizona Cardinals,ESPN,2026-10-04 09:13:47.918632
Josh Fryar,OT,,Active,,Arizona Cardinals,ESPN,2026-10-04 09:13:47.918632
Andrew Billings,DT,,Active,,Arizona Cardinals,ESPN,2026-10-04 09:13:47.918632
Reggie Virgil,WR,,Active,,Arizona Cardinals,ESPN,2026-10-04 09:13:47.918632
Chad Ryland,PK,,Active,,Arizona Cardinals,ESPN,2026-10-04 09:13:47.918632
Jacoby Brissett,QB,,Active,,Arizona Cardinals,ESPN,2026-10-04 09:13:47.918632
Marvin Harrison Jr.,WR,,Active,,Arizona Cardinals,ESPN,2026-10-04 09:13:47.918632
Michael Wilson,WR,,Active,,Arizona Cardinals,ESPN,2026-10-04 09:13:47.918632
Trey McBride,TE,,Active,,Arizona Cardinals,ESPN,2026-10-04 09:13:47.918632
Jeremiyah Love,RB,,Active,,Arizona Cardinals,ESPN,2026-10-04 09:13:47.918632
Max Melton,CB,,Active,,Arizona Cardinals,ESPN,2026-10-04 09:13:47.918632
Carson Beck,QB,,Active,,Arizona Cardinals,ESPN,2026-10-04 09:13:47.918632
Garrett Williams,CB,,Active,,Arizona Cardinals,ESPN,2026-10-04 09:13:47.918632
Starling Thomas V,CB,,Active,,Arizona Cardinals,ESPN,2026-10-04 09:13:47.918632
Will Johnson,CB,Neck,IR,,Arizona Cardinals,ESPN,2026-10-04 09:13:47.918632
Budda Baker,S,,Active,,Arizona Cardinals,ESPN,2026-10-04 09:13:47.918632
Isaac Seumalo,G,,Active,,Arizona Cardinals,ESPN,2026-10-04 09:13:47.918632
Yasir Abdullah,LB,Illness,Questionable,,Atlanta Falcons,ESPN,2026-10-04 09:13:47.918632
Kendal Daniels,LB,,Active,,Atlanta Falcons,ESPN,2026-10-04 09:13:47.918632
Divine Deablo,LB,Hamstring,Questionable,,Atlanta Falcons,ESPN,2026-10-04 09:13:47.918632
Gervon Dexter Sr.,DT,,Active,,Atlanta Falcons,ESPN,2026-10-04 09:13:47.918632
Samson Ebukam,DE,Hamstring,Questionable,,Atlanta Falcons,ESPN,2026-10-04 09:13:47.918632
Jack Strand,QB,,Active,,Atlanta Falcons,ESPN,2026-10-04 09:13:47.918632
Ethan Onianwa,OT,,Active,,Atlanta Falcons,ESPN,2026-10-04 09:13:47.918632
Cooper Rush,QB,,Active,,Atlanta Falcons,ESPN,2026-10-04 09:13:47.918632
Malcolm DeWalt IV,CB,,Active,,Atlanta Falcons,ESPN,2026-10-04 09:13:47.918632
Robert Longerbeam,CB,,Active,,Atlanta Falcons,ESPN,2026-10-04 09:13:47.918632
Jessie Bates III,S,,Active,,Atlanta Falcons,ESPN,2026-10-04 09:13:47.918632
Xavier Watts,S,,Active,,Atlanta Falcons,ESPN,2026-10-04 09:13:47.918632
Austin Hooper,TE,,Active,,Atlanta Falcons,ESPN,2026-10-04 09:13:47.918632
Zachariah Branch,WR,,Active,,Atlanta Falcons,ESPN,2026-10-04 09:13:47.918632
Olamide Zaccheaus,WR,,Active,,Atlanta Falcons,ESPN,2026-10-04 09:13:47.918632
Jahan Dotson,WR,,Active,,Atlanta Falcons,ESPN,2026-10-04 09:13:47.918632
Kyle Pitts Sr.,TE,,Active,,Atlanta Falcons,ESPN,2026-10-04 09:13:47.918632
Nick Folk,PK,,Active,,Atlanta Falcons,ESPN,2026-10-04 09:13:47.918632
Brian Robinson Jr.,RB,,Active,,Atlanta Falcons,ESPN,2026-10-04 09:13:47.918632
Michael Penix Jr.,QB,,Active,,Atlanta Falcons,ESPN,2026-10-04 09:13:47.918632
Drake London,WR,,Active,,Atlanta Falcons,ESPN,2026-10-04 09:13:47.918632
Bijan Robinson,RB,,Active,,Atlanta Falcons,ESPN,2026-10-04 09:13:47.918632
Billy Bowman Jr.,CB,,Active,,Atlanta Falcons,ESPN,2026-10-04 09:13:47.918632
Jawaan Taylor,OT,,Active,,Atlanta Falcons,ESPN,2026-10-04 09:13:47.918632
Zach Harrison,DE,,Active,,Atlanta Falcons,ESPN,2026-10-04 09:13:47.918632
Chris Moore,WR,Ankle,Questionable,,Baltimore Ravens,ESPN,2026-10-04 09:13:47.918632
Ethan Pocic,C,Knee,IR,,Baltimore Ravens,ESPN,2026-10-04 09:13:47.918632
Jovaughn Gwyn,G,Ankle,IR,,Baltimore Ravens,ESPN,2026-10-04 09:13:47.918632
Ronnie Stanley,OT,Toe,Questionable,,Baltimore Ravens,ESPN,2026-10-04 09:13:47.918632
Zay Flowers,WR,Hamstring,Questionable,,Baltimore Ravens,ESPN,2026-10-04 09:13:47.918632
Trey Hendrickson,LB,Finger,Out,,Baltimore Ravens,ESPN,2026-10-04 09:13:47.918632
Durham Smythe,TE,,Active,,Baltimore Ravens,ESPN,2026-10-04 09:13:47.918632
John Simpson,G,,Active,,Baltimore Ravens,ESPN,2026-10-04 09:13:47.918632
Marlon Humphrey,CB,,Active,,Baltimore Ravens,ESPN,2026-10-04 09:13:47.918632
Lamar Jackson,QB,,Active,,Baltimore Ravens,ESPN,2026-10-04 09:13:47.918632
Roquan Smith,LB,,Active,,Baltimore Ravens,ESPN,2026-10-04 09:13:47.918632
Mark Andrews,TE,,Active,,Baltimore Ravens,ESPN,2026-10-04 09:13:47.918632
K'Von Wallace,CB,,Active,,Baltimore Ravens,ESPN,2026-10-04 09:13:47.918632
Carl Jones,LB,,Active,,Baltimore Ravens,ESPN,2026-10-04 09:13:47.918632
Aeneas Peebles,DT,,Active,,Baltimore Ravens,ESPN,2026-10-04 09:13:47.918632
Tyler Loop,PK,,Active,,Baltimore Ravens,ESPN,2026-10-04 09:13:47.918632
Rashod Bateman,WR,,Active,,Baltimore Ravens,ESPN,2026-10-04 09:13:47.918632
Derrick Henry,RB,,Active,,Baltimore Ravens,ESPN,2026-10-04 09:13:47.918632
Elijah Sarratt,WR,,Active,,Baltimore Ravens,ESPN,2026-10-04 09:13:47.918632
Joe Fagnano,QB,,Active,,Baltimore Ravens,ESPN,2026-10-04 09:13:47.918632
Malaki Starks,S,,Active,,Baltimore Ravens,ESPN,2026-10-04 09:13:47.918632
Teddye Buchanan,LB,,Active,,Baltimore Ravens,ESPN,2026-10-04 09:13:47.918632
Zion Young,LB,,Active,,Baltimore Ravens,ESPN,2026-10-04 09:13:47.918632
Nnamdi Madubuike,DT,,Active,,Baltimore Ravens,ESPN,2026-10-04 09:13:47.918632
Kyle Hamilton,S,,Active,,Baltimore Ravens,ESPN,2026-10-04 09:13:47.918632
Sam Franklin Jr.,S,,Active,,Buffalo Bills,ESPN,2026-10-04 09:13:47.918632
Joe Andreessen,LB,,Active,,Buffalo Bills,ESPN,2026-10-04 09:13:47.918632
Keon Coleman,WR,,Active,,Buffalo Bills,ESPN,2026-10-04 09:13:47.918632
Damar Hamlin,S,,Active,,Buffalo Bills,ESPN,2026-10-04 09:13:47.918632
Ray Davis,RB,Hamstring,Questionable,,Buffalo Bills,ESPN,2026-10-04 09:13:47.918632
DJ Moore,WR,,Active,,Buffalo Bills,ESPN,2026-10-04 09:13:47.918632
Christian Benford,CB,Toe,Questionable,,Buffalo Bills,ESPN,2026-10-04 09:13:47.918632
T.J. Sanders,DT,,Doubtful,,Buffalo Bills,ESPN,2026-10-04 09:13:47.918632
Deone Walker,DT,,Active,,Buffalo Bills,ESPN,2026-10-04 09:13:47.918632
C.J. Gardner-Johnson,S,,Active,,Buffalo Bills,ESPN,2026-10-04 09:13:47.918632
Greg Rousseau,LB,,Active,,Buffalo Bills,ESPN,2026-10-04 09:13:47.918632
Ar'maj Reed-Adams,G,,Active,,Buffalo Bills,ESPN,2026-10-04 09:13:47.918632
Josh Allen,QB,,Active,,Buffalo Bills,ESPN,2026-10-04 09:13:47.918632
Dawson Knox,TE,,Active,,Buffalo Bills,ESPN,2026-10-04 09:13:47.918632
Khalil Shakir,WR,,Active,,Buffalo Bills,ESPN,2026-10-04 09:13:47.918632
Tyler Bass,PK,,Active,,Buffalo Bills,ESPN,2026-10-04 09:13:47.918632
Mike Danna,DE,,Active,,Buffalo Bills,ESPN,2026-10-04 09:13:47.918632
Skyler Bell,WR,,Active,,Buffalo Bills,ESPN,2026-10-04 09:13:47.918632
Jude Bowry,OT,,Active,,Buffalo Bills,ESPN,2026-10-04 09:13:47.918632
Jalon Kilgore,S,,Active,,Buffalo Bills,ESPN,2026-10-04 09:13:47.918632
Dalton Kincaid,TE,,Active,,Buffalo Bills,ESPN,2026-10-04 09:13:47.918632
James Cook III,RB,,Active,,Buffalo Bills,ESPN,2026-10-04 09:13:47.918632
Dorian Williams,LB,,Active,,Buffalo Bills,ESPN,2026-10-04 09:13:47.918632
Ed Oliver,DT,,Active,,Buffalo Bills,ESPN,2026-10-04 09:13:47.918632
Jordan Hancock,CB,Hamstring,IR,,Buffalo Bills,ESPN,2026-10-04 09:13:47.918632
Monroe Freeling,OT,,Active,,Carolina Panthers,ESPN,2026-10-04 09:13:47.918632
Ja'seem Reed,WR,,Active,,Carolina Panthers,ESPN,2026-10-04 09:13:47.918632
Xavier Legette,WR,Knee,IR,,Carolina Panthers,ESPN,2026-10-04 09:13:47.918632
Damien Lewis,G,Elbow,Out,,Carolina Panthers,ESPN,2026-10-04 09:13:47.918632
Jalen Coker,WR,Quadriceps,Questionable,,Carolina Panthers,ESPN,2026-10-04 09:13:47.918632
Cam Jackson,DT,Knee,Questionable,,Carolina Panthers,ESPN,2026-10-04 09:13:47.918632
Princely Umanmielen,LB,,Active,,Carolina Panthers,ESPN,2026-10-04 09:13:47.918632
Lee Hunter,DT,Foot,Questionable,,Carolina Panthers,ESPN,2026-10-04 09:13:47.918632
Devin Lloyd,LB,,Active,,Carolina Panthers,ESPN,2026-10-04 09:13:47.918632
Nick Scott,S,,Active,,Carolina Panthers,ESPN,2026-10-04 09:13:47.918632
Mike Jackson,CB,Groin,IR,,Carolina Panthers,ESPN,2026-10-04 09:13:47.918632
Bryce Young,QB,,Active,,Carolina Panthers,ESPN,2026-10-04 09:13:47.918632
David Moore,WR,,Active,,Carolina Panthers,ESPN,2026-10-04 09:13:47.918632
Anthony Tyus III,RB,,Active,,Carolina Panthers,ESPN,2026-10-04 09:13:47.918632
Jaycee Horn,CB,Quadriceps,IR,,Carolina Panthers,ESPN,2026-10-04 09:13:47.918632
Brycen Tremayne,WR,,Active,,Carolina Panthers,ESPN,2026-10-04 09:13:47.918632
Haynes King,QB,,Active,,Carolina Panthers,ESPN,2026-10-04 09:13:47.918632
Ja'Tavion Sanders,TE,,Active,,Carolina Panthers,ESPN,2026-10-04 09:13:47.918632
Albert Reese IV,OT,,Active,,Carolina Panthers,ESPN,2026-10-04 09:13:47.918632
Ryan Fitzgerald,PK,,Active,,Carolina Panthers,ESPN,2026-10-04 09:13:47.918632
Darren Waller,TE,,Active,,Carolina Panthers,ESPN,2026-10-04 09:13:47.918632
Chuba Hubbard,RB,,Active,,Carolina Panthers,ESPN,2026-10-04 09:13:47.918632
Tetairoa McMillan,WR,,Active,,Carolina Panthers,ESPN,2026-10-04 09:13:47.918632
Maema Njongmeta,LB,,Active,,Carolina Panthers,ESPN,2026-10-04 09:13:47.918632
Jaelan Phillips,LB,,Active,,Carolina Panthers,ESPN,2026-10-04 09:13:47.918632
Anthony Johnson Jr.,S,Undisclosed,Out,,Chicago Bears,ESPN,2026-10-04 09:13:47.918632
Braxton Jones,OT,Knee,IR,,Chicago Bears,ESPN,2026-10-04 09:13:47.918632
Case Keenum,QB,,Active,,Chicago Bears,ESPN,2026-10-04 09:13:47.918632
Tyson Bagent,QB,,Active,,Chicago Bears,ESPN,2026-10-04 09:13:47.918632
Cam Lewis,CB,Hip,Doubtful,,Chicago Bears,ESPN,2026-10-04 09:13:47.918632
D'Andre Swift,RB,,Active,,Chicago Bears,ESPN,2026-10-04 09:13:47.918632
Caleb Williams,QB,Hamstring,Out,,Chicago Bears,ESPN,2026-10-04 09:13:47.918632
Dillon Thieneman,S,,Active,,Chicago Bears,ESPN,2026-10-04 09:13:47.918632
Kyler Gordon,CB,Calf,Out,,Chicago Bears,ESPN,2026-10-04 09:13:47.918632
Jayden Loving,DT,,Active,,Chicago Bears,ESPN,2026-10-04 09:13:47.918632
Ozzy Trapilo,OT,,Active,,Chicago Bears,ESPN,2026-10-04 09:13:47.918632
Jordan McFadden,G,,Active,,Chicago Bears,ESPN,2026-10-04 09:13:47.918632
Jamree Kromah,DE,,Active,,Chicago Bears,ESPN,2026-10-04 09:13:47.918632
Cairo Santos,PK,,Active,,Chicago Bears,ESPN,2026-10-04 09:13:47.918632
Kyle Monangai,RB,,Active,,Chicago Bears,ESPN,2026-10-04 09:13:47.918632
Colston Loveland,TE,,Active,,Chicago Bears,ESPN,2026-10-04 09:13:47.918632
Rome Odunze,WR,,Active,,Chicago Bears,ESPN,2026-10-04 09:13:47.918632
Luther Burden III,WR,,Active,,Chicago Bears,ESPN,2026-10-04 09:13:47.918632
Kalif Raymond,WR,,Active,,Chicago Bears,ESPN,2026-10-04 09:13:47.918632
Tyrique Stevenson Sr.,CB,,Active,,Chicago Bears,ESPN,2026-10-04 09:13:47.918632
Shemar Turner,DT,Knee - ACL,Out,,Chicago Bears,ESPN,2026-10-04 09:13:47.918632
Noah Sewell,LB,Achilles,Out,,Chicago Bears,ESPN,2026-10-04 09:13:47.918632
Sam Roush,TE,,Active,,Chicago Bears,ESPN,2026-10-04 09:13:47.918632
Devin Bush,LB,,Active,,Chicago Bears,ESPN,2026-10-04 09:13:47.918632
T.J. Edwards,LB,,Active,,Chicago Bears,ESPN,2026-10-04 09:13:47.918632
Bryan Cook,S,Ankle,Questionable,,Cincinnati Bengals,ESPN,2026-10-04 09:13:47.918632
DJ Turner II,CB,,Active,,Cincinnati Bengals,ESPN,2026-10-04 09:13:47.918632
Jordan Battle,S,,Active,,Cincinnati Bengals,ESPN,2026-10-04 09:13:47.918632
Kyle Dugger,S,Quadriceps,Out,,Cincinnati Bengals,ESPN,2026-10-04 09:13:47.918632
Swayze Bozeman,LB,Groin,Questionable,,Cincinnati Bengals,ESPN,2026-10-04 09:13:47.918632
Demetrius Knight Jr.,LB,,Active,,Cincinnati Bengals,ESPN,2026-10-04 09:13:47.918632
Dexter Lawrence II,DT,,Active,,Cincinnati Bengals,ESPN,2026-10-04 09:13:47.918632
Dalton Risner,G,Knee,Questionable,,Cincinnati Bengals,ESPN,2026-10-04 09:13:47.918632
Samaje Perine,RB,,Active,,Cincinnati Bengals,ESPN,2026-10-04 09:13:47.918632
Jalen Davis,CB,Hamstring,IR,,Cincinnati Bengals,ESPN,2026-10-04 09:13:47.918632
Tanner Hudson,TE,,Active,,Cincinnati Bengals,ESPN,2026-10-04 09:13:47.918632
Mitchell Tinsley,WR,,Active,,Cincinnati Bengals,ESPN,2026-10-04 09:13:47.918632
B.J. Hill,DT,Achilles,Questionable,,Cincinnati Bengals,ESPN,2026-10-04 09:13:47.918632
Colbie Young,WR,Knee,Out,,Cincinnati Bengals,ESPN,2026-10-04 09:13:47.918632
Myles Hinton,OT,,Active,,Cincinnati Bengals,ESPN,2026-10-04 09:13:47.918632
Jack Endries,TE,,Active,,Cincinnati Bengals,ESPN,2026-10-04 09:13:47.918632
Connor Lew,C,,Active,,Cincinnati Bengals,ESPN,2026-10-04 09:13:47.918632
Landon Robinson,DT,,Active,,Cincinnati Bengals,ESPN,2026-10-04 09:13:47.918632
Josh Newton,CB,,Active,,Cincinnati Bengals,ESPN,2026-10-04 09:13:47.918632
Mike Gesicki,TE,,Active,,Cincinnati Bengals,ESPN,2026-10-04 09:13:47.918632
Evan McPherson,PK,,Active,,Cincinnati Bengals,ESPN,2026-10-04 09:13:47.918632
Tee Higgins,WR,,Active,,Cincinnati Bengals,ESPN,2026-10-04 09:13:47.918632
Chase Brown,RB,,Active,,Cincinnati Bengals,ESPN,2026-10-04 09:13:47.918632
Ja'Marr Chase,WR,,Active,,Cincinnati Bengals,ESPN,2026-10-04 09:13:47.918632
Joe Burrow,QB,,Active,,Cincinnati Bengals,ESPN,2026-10-04 09:13:47.918632
Denzel Ward,CB,,Active,,Cleveland Browns,ESPN,2026-10-04 09:13:47.918632
Tyson Campbell,CB,,Active,,Cleveland Browns,ESPN,2026-10-04 09:13:47.918632
Ronnie Hickman,S,,Active,,Cleveland Browns,ESPN,2026-10-04 09:13:47.918632
Carson Schwesinger,LB,,Active,,Cleveland Browns,ESPN,2026-10-04 09:13:47.918632
Grant Delpit,S,,Active,,Cleveland Browns,ESPN,2026-10-04 09:13:47.918632
Jerry Jeudy,WR,,Active,,Cleveland Browns,ESPN,2026-10-04 09:13:47.918632
Raheim Sanders,RB,,Active,,Cleveland Browns,ESPN,2026-10-04 09:13:47.918632
Jaleel McLaughlin,RB,,Active,,Cleveland Browns,ESPN,2026-10-04 09:13:47.918632
Mason Graham,DT,Knee,Questionable,,Cleveland Browns,ESPN,2026-10-04 09:13:47.918632
KC Concepcion,WR,,Active,,Cleveland Browns,ESPN,2026-10-04 09:13:47.918632
Denzel Boston,WR,,Active,,Cleveland Browns,ESPN,2026-10-04 09:13:47.918632
Harold Fannin Jr.,TE,,Active,,Cleveland Browns,ESPN,2026-10-04 09:13:47.918632
Deshaun Watson,QB,,Active,,Cleveland Browns,ESPN,2026-10-04 09:13:47.918632
Quinshon Judkins,RB,,Active,,Cleveland Browns,ESPN,2026-10-04 09:13:47.918632
Andre Szmyt,PK,,Active,,Cleveland Browns,ESPN,2026-10-04 09:13:47.918632
Mike Hall Jr.,DT,,Active,,Cleveland Browns,ESPN,2026-10-04 09:13:47.918632
Taylen Green,QB,Coach's Decision,Out,,Cleveland Browns,ESPN,2026-10-04 09:13:47.918632
Justin Jefferson,LB,Coach's Decision,Out,,Cleveland Browns,ESPN,2026-10-04 09:13:47.918632
Teven Jenkins,G,Back,Out,,Cleveland Browns,ESPN,2026-10-04 09:13:47.918632
Elgton Jenkins,C,Concussion,Out,,Cleveland Browns,ESPN,2026-10-04 09:13:47.918632
Tylan Wallace,WR,Knee,Out,,Cleveland Browns,ESPN,2026-10-04 09:13:47.918632
Tytus Howard,OT,,Active,,Cleveland Browns,ESPN,2026-10-04 09:13:47.918632
Parker Brailsford,C,,Active,,Cleveland Browns,ESPN,2026-10-04 09:13:47.918632
Mekhi Blackmon,CB,,Active,,Cleveland Browns,ESPN,2026-10-04 09:13:47.918632
Quincy Williams,LB,,Active,,Cleveland Browns,ESPN,2026-10-04 09:13:47.918632
Joey Porter Jr.,CB,,Active,,Dallas Cowboys,ESPN,2026-10-04 09:13:47.918632
Shavon Revel Jr.,CB,,Active,,Dallas Cowboys,ESPN,2026-10-04 09:13:47.918632
Malik Hooker,S,,Active,,Dallas Cowboys,ESPN,2026-10-04 09:13:47.918632
Cobie Durant,CB,Hamstring,Out,,Dallas Cowboys,ESPN,2026-10-04 09:13:47.918632
DeMarvion Overshown,LB,Hamstring,Out,,Dallas Cowboys,ESPN,2026-10-04 09:13:47.918632
Jonathan Bullard,DT,Calf,IR,,Dallas Cowboys,ESPN,2026-10-04 09:13:47.918632
Jalen Thompson,S,Hamstring,IR,,Dallas Cowboys,ESPN,2026-10-04 09:13:47.918632
Tyler Smith,G,Thumb,IR,,Dallas Cowboys,ESPN,2026-10-04 09:13:47.918632
Ryan Flournoy,WR,,Active,,Dallas Cowboys,ESPN,2026-10-04 09:13:47.918632
Jake Ferguson,TE,,Active,,Dallas Cowboys,ESPN,2026-10-04 09:13:47.918632
Ajani Cornelius,OT,,Active,,Dallas Cowboys,ESPN,2026-10-04 09:13:47.918632
Camden Brown,WR,,Active,,Dallas Cowboys,ESPN,2026-10-04 09:13:47.918632
Brandon Aubrey,PK,,Active,,Dallas Cowboys,ESPN,2026-10-04 09:13:47.918632
Dak Prescott,QB,,Active,,Dallas Cowboys,ESPN,2026-10-04 09:13:47.918632
George Pickens,WR,,Active,,Dallas Cowboys,ESPN,2026-10-04 09:13:47.918632
CeeDee Lamb,WR,,Active,,Dallas Cowboys,ESPN,2026-10-04 09:13:47.918632
Javonte Williams,RB,,Active,,Dallas Cowboys,ESPN,2026-10-04 09:13:47.918632
Markquese Bell,S,,Active,,Dallas Cowboys,ESPN,2026-10-04 09:13:47.918632
Tyler Goodson,RB,,Active,,Dallas Cowboys,ESPN,2026-10-04 09:13:47.918632
Emari Demercado,RB,,Active,,Dallas Cowboys,ESPN,2026-10-04 09:13:47.918632
Justin Barron,LB,,Active,,Dallas Cowboys,ESPN,2026-10-04 09:13:47.918632
P.J. Locke,S,Foot,IR,,Dallas Cowboys,ESPN,2026-10-04 09:13:47.918632
Caelen Carson,CB,,Active,,Dallas Cowboys,ESPN,2026-10-04 09:13:47.918632
James Houston,LB,,Active,,Dallas Cowboys,ESPN,2026-10-04 09:13:47.918632
Dee Winters,LB,,Active,,Dallas Cowboys,ESPN,2026-10-04 09:13:47.918632
Adam Prentice,FB,,Active,,Denver Broncos,ESPN,2026-10-04 09:13:47.918632
Dondrea Tillman,LB,Hamstring,Out,,Denver Broncos,ESPN,2026-10-04 09:13:47.918632
Alex Singleton,LB,,Active,,Denver Broncos,ESPN,2026-10-04 09:13:47.918632
Brandon Jones,S,,Active,,Denver Broncos,ESPN,2026-10-04 09:13:47.918632
Talanoa Hufanga,S,,Active,,Denver Broncos,ESPN,2026-10-04 09:13:47.918632
Marvin Mims Jr.,WR,,Active,,Denver Broncos,ESPN,2026-10-04 09:13:47.918632
Jaylen Waddle,WR,,Active,,Denver Broncos,ESPN,2026-10-04 09:13:47.918632
Evan Engram,TE,,Active,,Denver Broncos,ESPN,2026-10-04 09:13:47.918632
Pat Bryant,WR,,Active,,Denver Broncos,ESPN,2026-10-04 09:13:47.918632
Wil Lutz,PK,,Active,,Denver Broncos,ESPN,2026-10-04 09:13:47.918632
Dallen Bentley,TE,,Active,,Denver Broncos,ESPN,2026-10-04 09:13:47.918632
Sam Ehlinger,QB,,Active,,Denver Broncos,ESPN,2026-10-04 09:13:47.918632
Kage Casey,OT,,Active,,Denver Broncos,ESPN,2026-10-04 09:13:47.918632
Tyler Onyedim,DT,,Active,,Denver Broncos,ESPN,2026-10-04 09:13:47.918632
Sai'vion Jones,DE,,Active,,Denver Broncos,ESPN,2026-10-04 09:13:47.918632
Courtland Sutton,WR,,Active,,Denver Broncos,ESPN,2026-10-04 09:13:47.918632
J.K. Dobbins,RB,,Active,,Denver Broncos,ESPN,2026-10-04 09:13:47.918632
RJ Harvey,RB,,Active,,Denver Broncos,ESPN,2026-10-04 09:13:47.918632
Bo Nix,QB,,Active,,Denver Broncos,ESPN,2026-10-04 09:13:47.918632
Jonah Coleman,RB,Ankle,IR,,Denver Broncos,ESPN,2026-10-04 09:13:47.918632
Troy Franklin,WR,,Active,,Denver Broncos,ESPN,2026-10-04 09:13:47.918632
Nate Adkins,TE,,Active,,Denver Broncos,ESPN,2026-10-04 09:13:47.918632
Tyler Badie,RB,,Active,,Denver Broncos,ESPN,2026-10-04 09:13:47.918632
Jordan Jackson,DT,,Active,,Denver Broncos,ESPN,2026-10-04 09:13:47.918632
Zach Allen,DE,,Active,,Denver Broncos,ESPN,2026-10-04 09:13:47.918632
Ben Bartch,G,Foot,Out,,Detroit Lions,ESPN,2026-10-04 09:13:47.918632
D.J. Reed,CB,Ribs,Questionable,,Detroit Lions,ESPN,2026-10-04 09:13:47.918632
Brian Branch,S,Achilles,Out,,Detroit Lions,ESPN,2026-10-04 09:13:47.918632
DJ Wonnum,LB,,Active,,Detroit Lions,ESPN,2026-10-04 09:13:47.918632
Derrick Barnes,LB,,Active,,Detroit Lions,ESPN,2026-10-04 09:13:47.918632
Chuck Clark,S,,Active,,Detroit Lions,ESPN,2026-10-04 09:13:47.918632
Christian Izien,S,,Active,,Detroit Lions,ESPN,2026-10-04 09:13:47.918632
Isaac TeSlaa,WR,,Active,,Detroit Lions,ESPN,2026-10-04 09:13:47.918632
Cade Mays,C,Wrist,IR,,Detroit Lions,ESPN,2026-10-04 09:13:47.918632
Devin White,LB,,Active,,Detroit Lions,ESPN,2026-10-04 09:13:47.918632
Mekhi Wingo,DT,,Active,,Detroit Lions,ESPN,2026-10-04 09:13:47.918632
Tyler Conklin,TE,,Active,,Detroit Lions,ESPN,2026-10-04 09:13:47.918632
Bishop Fitzgerald,S,,Active,,Detroit Lions,ESPN,2026-10-04 09:13:47.918632
Ahmed Hassanein,DE,,Active,,Detroit Lions,ESPN,2026-10-04 09:13:47.918632
Jake Bates,PK,,Active,,Detroit Lions,ESPN,2026-10-04 09:13:47.918632
Sam LaPorta,TE,,Active,,Detroit Lions,ESPN,2026-10-04 09:13:47.918632
Jameson Williams,WR,,Active,,Detroit Lions,ESPN,2026-10-04 09:13:47.918632
Jared Goff,QB,,Active,,Detroit Lions,ESPN,2026-10-04 09:13:47.918632
Amon-Ra St. Brown,WR,,Active,,Detroit Lions,ESPN,2026-10-04 09:13:47.918632
Jahmyr Gibbs,RB,,Active,,Detroit Lions,ESPN,2026-10-04 09:13:47.918632
Thomas Harper,S,Ankle,IR,,Detroit Lions,ESPN,2026-10-04 09:13:47.918632
Tate Ratledge,G,,Active,,Detroit Lions,ESPN,2026-10-04 09:13:47.918632
Blake Miller,OT,,Active,,Detroit Lions,ESPN,2026-10-04 09:13:47.918632
Christian Mahogany,G,,Active,,Detroit Lions,ESPN,2026-10-04 09:13:47.918632
Avonte Maddox,CB,Foot,IR,,Detroit Lions,ESPN,2026-10-04 09:13:47.918632
Warren Brinson,DT,Calf,IR,,Green Bay Packers,ESPN,2026-10-04 09:13:47.918632
Edgerrin Cooper,LB,,Active,,Green Bay Packers,ESPN,2026-10-04 09:13:47.918632
Jager Burton,C,Groin,Questionable,,Green Bay Packers,ESPN,2026-10-04 09:13:47.918632
Jacob Monk,C,Quadriceps,Out,,Green Bay Packers,ESPN,2026-10-04 09:13:47.918632
Aaron Banks,G,Toe,Out,,Green Bay Packers,ESPN,2026-10-04 09:13:47.918632
Anthony Campbell,DT,Ankle,Out,,Green Bay Packers,ESPN,2026-10-04 09:13:47.918632
Lukas Van Ness,DE,,Active,,Green Bay Packers,ESPN,2026-10-04 09:13:47.918632
Karl Brooks,DT,,Active,,Green Bay Packers,ESPN,2026-10-04 09:13:47.918632
Kevin Zeitler,G,,Active,,Green Bay Packers,ESPN,2026-10-04 09:13:47.918632
Skyy Moore,WR,,Active,,Green Bay Packers,ESPN,2026-10-04 09:13:47.918632
Jayden Reed,WR,Neck,IR,,Green Bay Packers,ESPN,2026-10-04 09:13:47.918632
Zach Bako-Bewele,OT,Knee,IR,,Green Bay Packers,ESPN,2026-10-04 09:13:47.918632
Micah Parsons,DE,Knee - ACL,Out,,Green Bay Packers,ESPN,2026-10-04 09:13:47.918632
Evan Williams,S,,Active,,Green Bay Packers,ESPN,2026-10-04 09:13:47.918632
Xavier McKinney,S,,Active,,Green Bay Packers,ESPN,2026-10-04 09:13:47.918632
Zaire Franklin,LB,,Active,,Green Bay Packers,ESPN,2026-10-04 09:13:47.918632
Jonnu Smith,TE,,Active,,Green Bay Packers,ESPN,2026-10-04 09:13:47.918632
J. Michael Sturdivant,WR,,Active,,Green Bay Packers,ESPN,2026-10-04 09:13:47.918632
Bo Melton,WR,,Active,,Green Bay Packers,ESPN,2026-10-04 09:13:47.918632
Chris Brooks,RB,,Active,,Green Bay Packers,ESPN,2026-10-04 09:13:47.918632
Kaleb Johnson,RB,,Active,,Green Bay Packers,ESPN,2026-10-04 09:13:47.918632
Laken Tomlinson,G,,Active,,Green Bay Packers,ESPN,2026-10-04 09:13:47.918632
MarShawn Lloyd,RB,,Active,,Green Bay Packers,ESPN,2026-10-04 09:13:47.918632
Tucker Kraft,TE,,Active,,Green Bay Packers,ESPN,2026-10-04 09:13:47.918632
Trey Smack,PK,,Active,,Green Bay Packers,ESPN,2026-10-04 09:13:47.918632
Wade Woodaz,LB,,Active,,Houston Texans,ESPN,2026-10-04 09:13:47.918632
Jake Hansen,LB,Knee,Questionable,,Houston Texans,ESPN,2026-10-04 09:13:47.918632
British Brooks,RB,Hamstring,IR,,Houston Texans,ESPN,2026-10-04 09:13:47.918632
Azeez Al-Shaair,LB,Groin,Out,,Houston Texans,ESPN,2026-10-04 09:13:47.918632
Jadeveon Clowney,DE,Knee,Questionable,,Houston Texans,ESPN,2026-10-04 09:13:47.918632
Logan Hall,DE,Knee,Questionable,,Houston Texans,ESPN,2026-10-04 09:13:47.918632
Nico Collins,WR,,Active,,Houston Texans,ESPN,2026-10-04 09:13:47.918632
M.J. Stewart,S,Knee,Out,,Houston Texans,ESPN,2026-10-04 09:13:47.918632
Will Anderson Jr.,DE,,Active,,Houston Texans,ESPN,2026-10-04 09:13:47.918632
Calen Bullock,S,,Active,,Houston Texans,ESPN,2026-10-04 09:13:47.918632
Reed Blankenship,S,,Active,,Houston Texans,ESPN,2026-10-04 09:13:47.918632
Mario Edwards Jr.,DT,Knee - ACL,IR,,Houston Texans,ESPN,2026-10-04 09:13:47.918632
Chris Braswell,DE,,Active,,Houston Texans,ESPN,2026-10-04 09:13:47.918632
Trent Brown,OT,Illness,Questionable,,Houston Texans,ESPN,2026-10-04 09:13:47.918632
Kayshon Boutte,WR,,Active,,Houston Texans,ESPN,2026-10-04 09:13:47.918632
Dare Ogunbowale,RB,,Active,,Houston Texans,ESPN,2026-10-04 09:13:47.918632
Ed Ingram,G,Groin,Questionable,,Houston Texans,ESPN,2026-10-04 09:13:47.918632
Woody Marks,RB,,Active,,Houston Texans,ESPN,2026-10-04 09:13:47.918632
Nate Thomas,OT,,Active,,Houston Texans,ESPN,2026-10-04 09:13:47.918632
Brevin Jordan,TE,,Active,,Houston Texans,ESPN,2026-10-04 09:13:47.918632
Collin Wright,CB,,Active,,Houston Texans,ESPN,2026-10-04 09:13:47.918632
Ka'imi Fairbairn,PK,,Active,,Houston Texans,ESPN,2026-10-04 09:13:47.918632
David Montgomery,RB,,Active,,Houston Texans,ESPN,2026-10-04 09:13:47.918632
C.J. Stroud,QB,,Active,,Houston Texans,ESPN,2026-10-04 09:13:47.918632
Dalton Schultz,TE,,Active,,Houston Texans,ESPN,2026-10-04 09:13:47.918632
Ashton Dulin,WR,Ankle,Questionable,,Indianapolis Colts,ESPN,2026-10-04 09:13:47.918632
Mo Alie-Cox,TE,,Active,,Indianapolis Colts,ESPN,2026-10-04 09:13:47.918632
Darius Slayton,WR,,Active,,Indianapolis Colts,ESPN,2026-10-04 09:13:47.918632
Nick Westbrook-Ikhine,WR,,Active,,Indianapolis Colts,ESPN,2026-10-04 09:13:47.918632
Keenan Allen,WR,Groin,Out,,Indianapolis Colts,ESPN,2026-10-04 09:13:47.918632
Akeem Davis-Gaither,LB,,Active,,Indianapolis Colts,ESPN,2026-10-04 09:13:47.918632
DeForest Buckner,DT,,Active,,Indianapolis Colts,ESPN,2026-10-04 09:13:47.918632
Alec Pierce,WR,Heel,IR,,Indianapolis Colts,ESPN,2026-10-04 09:13:47.918632
Dalton Tucker,G,,Active,,Indianapolis Colts,ESPN,2026-10-04 09:13:47.918632
DJ Giddens,RB,,Active,,Indianapolis Colts,ESPN,2026-10-04 09:13:47.918632
George Gumbs Jr.,LB,,Active,,Indianapolis Colts,ESPN,2026-10-04 09:13:47.918632
Riley Leonard,QB,,Active,,Indianapolis Colts,ESPN,2026-10-04 09:13:47.918632
Josh Downs,WR,,Active,,Indianapolis Colts,ESPN,2026-10-04 09:13:47.918632
Spencer Shrader,PK,,Active,,Indianapolis Colts,ESPN,2026-10-04 09:13:47.918632
Tyler Warren,TE,,Active,,Indianapolis Colts,ESPN,2026-10-04 09:13:47.918632
Daniel Jones,QB,,Active,,Indianapolis Colts,ESPN,2026-10-04 09:13:47.918632
Jonathan Taylor,RB,,Active,,Indianapolis Colts,ESPN,2026-10-04 09:13:47.918632
Laiatu Latu,DE,,Active,,Indianapolis Colts,ESPN,2026-10-04 09:13:47.918632
Charvarius Ward,CB,,Active,,Indianapolis Colts,ESPN,2026-10-04 09:13:47.918632
Anthony Gould,WR,,Active,,Indianapolis Colts,ESPN,2026-10-04 09:13:47.918632
Laquon Treadwell,WR,,Active,,Indianapolis Colts,ESPN,2026-10-04 09:13:47.918632
Micheal Clemons,DE,Toe,IR,,Indianapolis Colts,ESPN,2026-10-04 09:13:47.918632
Seth McGowan,RB,,Active,,Indianapolis Colts,ESPN,2026-10-04 09:13:47.918632
Austin Ajiake,LB,,Active,,Indianapolis Colts,ESPN,2026-10-04 09:13:47.918632
Anthony Richardson Sr.,QB,,Active,,Indianapolis Colts,ESPN,2026-10-04 09:13:47.918632
LeQuint Allen Jr.,RB,,Active,,Jacksonville Jaguars,ESPN,2026-10-04 09:13:47.918632
Nate Boerkircher,TE,,Active,,Jacksonville Jaguars,ESPN,2026-10-04 09:13:47.918632
Jakobi Meyers,WR,,Active,,Jacksonville Jaguars,ESPN,2026-10-04 09:13:47.918632
DaVon Hamilton,DT,,Active,,Jacksonville Jaguars,ESPN,2026-10-04 09:13:47.918632
Cole Van Lanen,OT,,Active,,Jacksonville Jaguars,ESPN,2026-10-04 09:13:47.918632
Christian Braswell,CB,Knee,Questionable,,Jacksonville Jaguars,ESPN,2026-10-04 09:13:47.918632
Montaric Brown,CB,Hamstring,Questionable,,Jacksonville Jaguars,ESPN,2026-10-04 09:13:47.918632
Josh Cameron,WR,,Active,,Jacksonville Jaguars,ESPN,2026-10-04 09:13:47.918632
Travis Hunter,WR,,Active,,Jacksonville Jaguars,ESPN,2026-10-04 09:13:47.918632
Albert Regis,DT,Elbow,Questionable,,Jacksonville Jaguars,ESPN,2026-10-04 09:13:47.918632
Brenton Strange,TE,,Active,,Jacksonville Jaguars,ESPN,2026-10-04 09:13:47.918632
Chris Rodriguez Jr.,RB,,Active,,Jacksonville Jaguars,ESPN,2026-10-04 09:13:47.918632
CJ Williams,WR,,Active,,Jacksonville Jaguars,ESPN,2026-10-04 09:13:47.918632
Daniel Faalele,G,,Active,,Jacksonville Jaguars,ESPN,2026-10-04 09:13:47.918632
Jalen Huskey,S,,Active,,Jacksonville Jaguars,ESPN,2026-10-04 09:13:47.918632
Wesley Williams,DE,,Active,,Jacksonville Jaguars,ESPN,2026-10-04 09:13:47.918632
Jack Kiser,LB,,Active,,Jacksonville Jaguars,ESPN,2026-10-04 09:13:47.918632
Cam Little,PK,,Active,,Jacksonville Jaguars,ESPN,2026-10-04 09:13:47.918632
Brian Thomas Jr.,WR,,Active,,Jacksonville Jaguars,ESPN,2026-10-04 09:13:47.918632
Trevor Lawrence,QB,,Active,,Jacksonville Jaguars,ESPN,2026-10-04 09:13:47.918632
Parker Washington,WR,,Active,,Jacksonville Jaguars,ESPN,2026-10-04 09:13:47.918632
Bhayshul Tuten,RB,,Active,,Jacksonville Jaguars,ESPN,2026-10-04 09:13:47.918632
Quinn Ewers,QB,,Active,,Jacksonville Jaguars,ESPN,2026-10-04 09:13:47.918632
Robert Hainsey,C,,Active,,Jacksonville Jaguars,ESPN,2026-10-04 09:13:47.918632
Ameer Abdullah,RB,,Active,,Jacksonville Jaguars,ESPN,2026-10-04 09:13:47.918632
Josh Simmons,OT,Back,Out,,Kansas City Chiefs,ESPN,2026-10-04 09:13:47.918632
L'Jarius Sneed,CB,,Active,,Kansas City Chiefs,ESPN,2026-10-04 09:13:47.918632
Chamarri Conner,S,,Active,,Kansas City Chiefs,ESPN,2026-10-04 09:13:47.918632
Mansoor Delane,CB,,Active,,Kansas City Chiefs,ESPN,2026-10-04 09:13:47.918632
Nick Bolton,LB,,Active,,Kansas City Chiefs,ESPN,2026-10-04 09:13:47.918632
Tyquan Thornton,WR,,Active,,Kansas City Chiefs,ESPN,2026-10-04 09:13:47.918632
Emmett Johnson,RB,,Active,,Kansas City Chiefs,ESPN,2026-10-04 09:13:47.918632
Xavier Worthy,WR,,Active,,Kansas City Chiefs,ESPN,2026-10-04 09:13:47.918632
Jared Wiley,TE,,Active,,Kansas City Chiefs,ESPN,2026-10-04 09:13:47.918632
Tyreke Smith,DE,,Active,,Kansas City Chiefs,ESPN,2026-10-04 09:13:47.918632
Garrett Nussmeier,QB,,Active,,Kansas City Chiefs,ESPN,2026-10-04 09:13:47.918632
Diego Pounds,OT,,Active,,Kansas City Chiefs,ESPN,2026-10-04 09:13:47.918632
Jack Pyburn,LB,,Active,,Kansas City Chiefs,ESPN,2026-10-04 09:13:47.918632
Harrison Butker,PK,,Active,,Kansas City Chiefs,ESPN,2026-10-04 09:13:47.918632
Travis Kelce,TE,,Active,,Kansas City Chiefs,ESPN,2026-10-04 09:13:47.918632
Patrick Mahomes,QB,,Active,,Kansas City Chiefs,ESPN,2026-10-04 09:13:47.918632
Rashee Rice,WR,,Active,,Kansas City Chiefs,ESPN,2026-10-04 09:13:47.918632
Kenneth Walker III,RB,,Active,,Kansas City Chiefs,ESPN,2026-10-04 09:13:47.918632
Chris Jones,DT,,Active,,Kansas City Chiefs,ESPN,2026-10-04 09:13:47.918632
Felix Anudike-Uzomah,DE,,Active,,Kansas City Chiefs,ESPN,2026-10-04 09:13:47.918632
Jalen Royals,WR,,Active,,Kansas City Chiefs,ESPN,2026-10-04 09:13:47.918632
Jaden Hicks,S,,Active,,Kansas City Chiefs,ESPN,2026-10-04 09:13:47.918632
Cyrus Allen,WR,,Active,,Kansas City Chiefs,ESPN,2026-10-04 09:13:47.918632
Noah Gray,TE,,Active,,Kansas City Chiefs,ESPN,2026-10-04 09:13:47.918632
Bryson Eason,DT,,Active,,Kansas City Chiefs,ESPN,2026-10-04 09:13:47.918632
Aidan O'Connell,QB,,Active,,Las Vegas Raiders,ESPN,2026-10-04 09:13:47.918632
Dont'e Thornton Jr.,WR,Undisclosed,IR,,Las Vegas Raiders,ESPN,2026-10-04 09:13:47.918632
Hezekiah Masses,CB,,Active,,Las Vegas Raiders,ESPN,2026-10-04 09:13:47.918632
Darien Porter,CB,,Active,,Las Vegas Raiders,ESPN,2026-10-04 09:13:47.918632
Jackson Powers-Johnson,G,Groin,Out,,Las Vegas Raiders,ESPN,2026-10-04 09:13:47.918632
Treydan Stukes,S,,Active,,Las Vegas Raiders,ESPN,2026-10-04 09:13:47.918632
Jeremy Chinn,S,,Active,,Las Vegas Raiders,ESPN,2026-10-04 09:13:47.918632
Nakobe Dean,LB,,Active,,Las Vegas Raiders,ESPN,2026-10-04 09:13:47.918632
Fernando Mendoza,QB,,Active,,Las Vegas Raiders,ESPN,2026-10-04 09:13:47.918632
Cody White,WR,,Active,,Las Vegas Raiders,ESPN,2026-10-04 09:13:47.918632
Jack Bech,WR,Forearm,IR,,Las Vegas Raiders,ESPN,2026-10-04 09:13:47.918632
Jalen Nailor,WR,,Active,,Las Vegas Raiders,ESPN,2026-10-04 09:13:47.918632
Tre Tucker,WR,,Active,,Las Vegas Raiders,ESPN,2026-10-04 09:13:47.918632
Mike Washington Jr.,RB,,Active,,Las Vegas Raiders,ESPN,2026-10-04 09:13:47.918632
Bryce Cabeldue,G,,Active,,Las Vegas Raiders,ESPN,2026-10-04 09:13:47.918632
Darrell Luter Jr.,CB,,Active,,Las Vegas Raiders,ESPN,2026-10-04 09:13:47.918632
Dalton Johnson,S,,Active,,Las Vegas Raiders,ESPN,2026-10-04 09:13:47.918632
JJ Pegues,DT,,Active,,Las Vegas Raiders,ESPN,2026-10-04 09:13:47.918632
Matt Gay,PK,,Active,,Las Vegas Raiders,ESPN,2026-10-04 09:13:47.918632
Michael Mayer,TE,,Active,,Las Vegas Raiders,ESPN,2026-10-04 09:13:47.918632
Kirk Cousins,QB,,Active,,Las Vegas Raiders,ESPN,2026-10-04 09:13:47.918632
Ashton Jeanty,RB,,Active,,Las Vegas Raiders,ESPN,2026-10-04 09:13:47.918632
Kwity Paye,DE,,Active,,Las Vegas Raiders,ESPN,2026-10-04 09:13:47.918632
Brock Bowers,TE,,Active,,Las Vegas Raiders,ESPN,2026-10-04 09:13:47.918632
Dareke Young,WR,,Active,,Las Vegas Raiders,ESPN,2026-10-04 09:13:47.918632
Patrick Herbert,TE,,Active,,Los Angeles Chargers,ESPN,2026-10-04 09:13:47.918632
Dalvin Tomlinson,DT,Hamstring,Out,,Los Angeles Chargers,ESPN,2026-10-04 09:13:47.918632
Brenen Thompson,WR,Quadriceps,Out,,Los Angeles Chargers,ESPN,2026-10-04 09:13:47.918632
Charlie Kolar,TE,Forearm,Out,,Los Angeles Chargers,ESPN,2026-10-04 09:13:47.918632
Donte Jackson,CB,Concussion,Questionable,,Los Angeles Chargers,ESPN,2026-10-04 09:13:47.918632
Elijah Molden,CB,Hamstring,Questionable,,Los Angeles Chargers,ESPN,2026-10-04 09:13:47.918632
Trey Lance,QB,Groin,Questionable,,Los Angeles Chargers,ESPN,2026-10-04 09:13:47.918632
Derwin James Jr.,S,Hamstring,Questionable,,Los Angeles Chargers,ESPN,2026-10-04 09:13:47.918632
Keaton Mitchell,RB,,Active,,Los Angeles Chargers,ESPN,2026-10-04 09:13:47.918632
Ladd McConkey,WR,Foot,Questionable,,Los Angeles Chargers,ESPN,2026-10-04 09:13:47.918632
Justin Eboigbe,DT,,Active,,Los Angeles Chargers,ESPN,2026-10-04 09:13:47.918632
Kayode Awosika,G,Lower Leg,Out,,Los Angeles Chargers,ESPN,2026-10-04 09:13:47.918632
Alec Ingold,FB,,Active,,Los Angeles Chargers,ESPN,2026-10-04 09:13:47.918632
Tuli Tuipulotu,LB,,Active,,Los Angeles Chargers,ESPN,2026-10-04 09:13:47.918632
Genesis Smith,S,,Active,,Los Angeles Chargers,ESPN,2026-10-04 09:13:47.918632
Oronde Gadsden,TE,,Active,,Los Angeles Chargers,ESPN,2026-10-04 09:13:47.918632
Quentin Johnston,WR,,Active,,Los Angeles Chargers,ESPN,2026-10-04 09:13:47.918632
DJ Uiagalelei,QB,,Active,,Los Angeles Chargers,ESPN,2026-10-04 09:13:47.918632
Alex Harkey,G,,Active,,Los Angeles Chargers,ESPN,2026-10-04 09:13:47.918632
Tre' Harris,WR,,Active,,Los Angeles Chargers,ESPN,2026-10-04 09:13:47.918632
Cameron Dicker,PK,,Active,,Los Angeles Chargers,ESPN,2026-10-04 09:13:47.918632
Justin Herbert,QB,,Active,,Los Angeles Chargers,ESPN,2026-10-04 09:13:47.918632
Omarion Hampton,RB,,Active,,Los Angeles Chargers,ESPN,2026-10-04 09:13:47.918632
Rodney Shelley,CB,,Active,,Los Angeles Chargers,ESPN,2026-10-04 09:13:47.918632
Trey Pipkins III,OT,Knee,IR,,Los Angeles Chargers,ESPN,2026-10-04 09:13:47.918632
Josaiah Stewart,LB,Groin,Questionable,,Los Angeles Rams,ESPN,2026-10-04 09:13:47.918632
Alex Bachman,WR,,Active,,Los Angeles Rams,ESPN,2026-10-04 09:13:47.918632
Kamren Kinchens,S,,Active,,Los Angeles Rams,ESPN,2026-10-04 09:13:47.918632
Nate Landman,LB,,Active,,Los Angeles Rams,ESPN,2026-10-04 09:13:47.918632
Davante Adams,WR,,Active,,Los Angeles Rams,ESPN,2026-10-04 09:13:47.918632
Josh Wallace,CB,,Active,,Los Angeles Rams,ESPN,2026-10-04 09:13:47.918632
Jaylen Watson,CB,Shoulder,Out,,Los Angeles Rams,ESPN,2026-10-04 09:13:47.918632
Colby Parkinson,TE,Shoulder - AC Joint,Questionable,,Los Angeles Rams,ESPN,2026-10-04 09:13:47.918632
Puka Nacua,WR,,Active,,Los Angeles Rams,ESPN,2026-10-04 09:13:47.918632
Terrance Ferguson,TE,Ankle,IR,,Los Angeles Rams,ESPN,2026-10-04 09:13:47.918632
Aaron Donald,DT,Back,Out,,Los Angeles Rams,ESPN,2026-10-04 09:13:47.918632
Dean Connors,RB,,Active,,Los Angeles Rams,ESPN,2026-10-04 09:13:47.918632
Harrison Mevis,PK,,Active,,Los Angeles Rams,ESPN,2026-10-04 09:13:47.918632
Bill Murray,G,,Active,,Los Angeles Rams,ESPN,2026-10-04 09:13:47.918632
CJ Daniels,WR,,Active,,Los Angeles Rams,ESPN,2026-10-04 09:13:47.918632
Tutu Atwell,WR,,Active,,Los Angeles Rams,ESPN,2026-10-04 09:13:47.918632
Maximus Pulley,S,,Active,,Los Angeles Rams,ESPN,2026-10-04 09:13:47.918632
Tyler Higbee,TE,,Active,,Los Angeles Rams,ESPN,2026-10-04 09:13:47.918632
Konata Mumpfield,WR,,Active,,Los Angeles Rams,ESPN,2026-10-04 09:13:47.918632
Blake Corum,RB,,Active,,Los Angeles Rams,ESPN,2026-10-04 09:13:47.918632
Kyren Williams,RB,,Active,,Los Angeles Rams,ESPN,2026-10-04 09:13:47.918632
Matthew Stafford,QB,,Active,,Los Angeles Rams,ESPN,2026-10-04 09:13:47.918632
Ty Simpson,QB,,Active,,Los Angeles Rams,ESPN,2026-10-04 09:13:47.918632
Myles Garrett,DE,Knee,IR,,Los Angeles Rams,ESPN,2026-10-04 09:13:47.918632
Jordan Whittington,WR,,Active,,Los Angeles Rams,ESPN,2026-10-04 09:13:47.918632
Carlos Washington Jr.,RB,,Active,,Miami Dolphins,ESPN,2026-10-04 09:13:47.918632
Robert Beal Jr.,DE,Hamstring,Out,,Miami Dolphins,ESPN,2026-10-04 09:13:47.918632
Chris Bell,WR,,Active,,Miami Dolphins,ESPN,2026-10-04 09:13:47.918632
Aaron Brewer,C,,Active,,Miami Dolphins,ESPN,2026-10-04 09:13:47.918632
Tucker Addington,LS,,Active,,Miami Dolphins,ESPN,2026-10-04 09:13:47.918632
Kenneth Grant,DT,Leg,IR,,Miami Dolphins,ESPN,2026-10-04 09:13:47.918632
Caleb Douglas,WR,Ankle,Out,,Miami Dolphins,ESPN,2026-10-04 09:13:47.918632
Jaylen Wright,RB,,Active,,Miami Dolphins,ESPN,2026-10-04 09:13:47.918632
Storm Duck,CB,Knee,Out,,Miami Dolphins,ESPN,2026-10-04 09:13:47.918632
Jordyn Brooks,LB,,Active,,Miami Dolphins,ESPN,2026-10-04 09:13:47.918632
Jacob Rodriguez,LB,,Active,,Miami Dolphins,ESPN,2026-10-04 09:13:47.918632
Malik Washington,WR,,Active,,Miami Dolphins,ESPN,2026-10-04 09:13:47.918632
Greg Dulcich,TE,,Active,,Miami Dolphins,ESPN,2026-10-04 09:13:47.918632
Riley Patterson,PK,,Active,,Miami Dolphins,ESPN,2026-10-04 09:13:47.918632
De'Von Achane,RB,Knee - ACL,IR,,Miami Dolphins,ESPN,2026-10-04 09:13:47.918632
Marcellas Dial Jr.,CB,,Active,,Miami Dolphins,ESPN,2026-10-04 09:13:47.918632
DJ Campbell,G,,Active,,Miami Dolphins,ESPN,2026-10-04 09:13:47.918632
Brady Cook,QB,,Active,,Miami Dolphins,ESPN,2026-10-04 09:13:47.918632
Chukwuebuka Godrick,OT,,Active,,Miami Dolphins,ESPN,2026-10-04 09:13:47.918632
Malik Willis,QB,,Active,,Miami Dolphins,ESPN,2026-10-04 09:13:47.918632
Ollie Gordon II,RB,,Active,,Miami Dolphins,ESPN,2026-10-04 09:13:47.918632
Ryan Miller,WR,,Active,,Miami Dolphins,ESPN,2026-10-04 09:13:47.918632
JuJu Brents,CB,,Active,,Miami Dolphins,ESPN,2026-10-04 09:13:47.918632
Chop Robinson,LB,,Active,,Miami Dolphins,ESPN,2026-10-04 09:13:47.918632
Kevin Coleman Jr.,WR,,Active,,Miami Dolphins,ESPN,2026-10-04 09:13:47.918632
Justin Jefferson,WR,Ankle,Out,,Minnesota Vikings,ESPN,2026-10-04 09:13:47.918632
Brett Thorson,P,Hamstring,Out,,Minnesota Vikings,ESPN,2026-10-04 09:13:47.918632
Charles Demmings,CB,Hamstring,Out,,Minnesota Vikings,ESPN,2026-10-04 09:13:47.918632
Jordan Addison,WR,,Active,,Minnesota Vikings,ESPN,2026-10-04 09:13:47.918632
Blake Cashman,LB,,Active,,Minnesota Vikings,ESPN,2026-10-04 09:13:47.918632
Joshua Metellus,S,,Active,,Minnesota Vikings,ESPN,2026-10-04 09:13:47.918632
Isaiah Rodgers,CB,,Active,,Minnesota Vikings,ESPN,2026-10-04 09:13:47.918632
Eric Wilson,LB,,Active,,Minnesota Vikings,ESPN,2026-10-04 09:13:47.918632
Josh Oliver,TE,Biceps,IR,,Minnesota Vikings,ESPN,2026-10-04 09:13:47.918632
Kyle Van Noy,LB,,Active,,Minnesota Vikings,ESPN,2026-10-04 09:13:47.918632
Max Brosmer,QB,,Active,,Minnesota Vikings,ESPN,2026-10-04 09:13:47.918632
Jauan Jennings,WR,,Active,,Minnesota Vikings,ESPN,2026-10-04 09:13:47.918632
T.J. Hockenson,TE,,Active,,Minnesota Vikings,ESPN,2026-10-04 09:13:47.918632
Jeshaun Jones,WR,,Active,,Minnesota Vikings,ESPN,2026-10-04 09:13:47.918632
Zemaiah Vaughn,CB,,Active,,Minnesota Vikings,ESPN,2026-10-04 09:13:47.918632
Elijah Williams,DE,,Active,,Minnesota Vikings,ESPN,2026-10-04 09:13:47.918632
Tavierre Thomas,S,,Active,,Minnesota Vikings,ESPN,2026-10-04 09:13:47.918632
Caleb Tiernan,OT,,Active,,Minnesota Vikings,ESPN,2026-10-04 09:13:47.918632
Jakobe Thomas,S,,Active,,Minnesota Vikings,ESPN,2026-10-04 09:13:47.918632
Will Reichard,PK,,Active,,Minnesota Vikings,ESPN,2026-10-04 09:13:47.918632
Aaron Jones Sr.,RB,,Active,,Minnesota Vikings,ESPN,2026-10-04 09:13:47.918632
Kyler Murray,QB,,Active,,Minnesota Vikings,ESPN,2026-10-04 09:13:47.918632
Ivan Pace Jr.,LB,,Active,,Minnesota Vikings,ESPN,2026-10-04 09:13:47.918632
Nick Samac,C,Knee,IR,,Minnesota Vikings,ESPN,2026-10-04 09:13:47.918632
DeeJay Dallas,RB,,Active,,Minnesota Vikings,ESPN,2026-10-04 09:13:47.918632
Channing Canada,CB,Hamstring,Out,,New England Patriots,ESPN,2026-10-04 09:13:47.918632
Christian Elliss,LB,Chest,Questionable,,New England Patriots,ESPN,2026-10-04 09:13:47.918632
Craig Woodson,S,Shoulder,Questionable,,New England Patriots,ESPN,2026-10-04 09:13:47.918632
Dre'Mont Jones,DE,Shoulder,Questionable,,New England Patriots,ESPN,2026-10-04 09:13:47.918632
Reggie Gilliam,FB,Knee,Questionable,,New England Patriots,ESPN,2026-10-04 09:13:47.918632
Eli Raridon,TE,Thigh,Questionable,,New England Patriots,ESPN,2026-10-04 09:13:47.918632
Christian Barmore,DT,Shoulder,Out,,New England Patriots,ESPN,2026-10-04 09:13:47.918632
Christian Gonzalez,CB,Shoulder,Out,,New England Patriots,ESPN,2026-10-04 09:13:47.918632
Drake Maye,QB,,Active,,New England Patriots,ESPN,2026-10-04 09:13:47.918632
Morgan Moses,OT,Foot,Questionable,,New England Patriots,ESPN,2026-10-04 09:13:47.918632
DeMario Douglas,WR,,Active,,New England Patriots,ESPN,2026-10-04 09:13:47.918632
Greg Van Roten,G,Thigh,IR,,New England Patriots,ESPN,2026-10-04 09:13:47.918632
Romeo Doubs,WR,,Active,,New England Patriots,ESPN,2026-10-04 09:13:47.918632
Hunter Henry,TE,,Active,,New England Patriots,ESPN,2026-10-04 09:13:47.918632
Andy Borregales,PK,,Active,,New England Patriots,ESPN,2026-10-04 09:13:47.918632
Behren Morton,QB,,Active,,New England Patriots,ESPN,2026-10-04 09:13:47.918632
Dametrious Crownover,OT,,Active,,New England Patriots,ESPN,2026-10-04 09:13:47.918632
Leonard Taylor III,DT,,Active,,New England Patriots,ESPN,2026-10-04 09:13:47.918632
A.J. Brown,WR,Ankle,IR,,New England Patriots,ESPN,2026-10-04 09:13:47.918632
Mack Hollins,WR,,Active,,New England Patriots,ESPN,2026-10-04 09:13:47.918632
Rhamondre Stevenson,RB,,Active,,New England Patriots,ESPN,2026-10-04 09:13:47.918632
TreVeyon Henderson,RB,,Active,,New England Patriots,ESPN,2026-10-04 09:13:47.918632
Jaylen Reed,S,,Active,,New England Patriots,ESPN,2026-10-04 09:13:47.918632
Quintayvious Hutchins,LB,Knee,IR,,New England Patriots,ESPN,2026-10-04 09:13:47.918632
Dell Pettus,S,Ankle,IR,,New England Patriots,ESPN,2026-10-04 09:13:47.918632
Christen Miller,DT,,Active,,New Orleans Saints,ESPN,2026-10-04 09:13:47.918632
Anfernee Jennings,LB,Knee,Out,,New Orleans Saints,ESPN,2026-10-04 09:13:47.918632
Barion Brown,WR,,Active,,New Orleans Saints,ESPN,2026-10-04 09:13:47.918632
Pete Werner,LB,Shoulder,Questionable,,New Orleans Saints,ESPN,2026-10-04 09:13:47.918632
Carl Granderson,DE,Ankle,Out,,New Orleans Saints,ESPN,2026-10-04 09:13:47.918632
Kaden Elliss,LB,Calf,Out,,New Orleans Saints,ESPN,2026-10-04 09:13:47.918632
Noah Fant,TE,Abdomen,Questionable,,New Orleans Saints,ESPN,2026-10-04 09:13:47.918632
Kendre Miller,RB,,Active,,New Orleans Saints,ESPN,2026-10-04 09:13:47.918632
Alvin Kamara,RB,,Active,,New Orleans Saints,ESPN,2026-10-04 09:13:47.918632
Julian Blackmon,S,,Active,,New Orleans Saints,ESPN,2026-10-04 09:13:47.918632
Martin Emerson Jr.,CB,,Active,,New Orleans Saints,ESPN,2026-10-04 09:13:47.918632
Kevin Austin Jr.,WR,,Active,,New Orleans Saints,ESPN,2026-10-04 09:13:47.918632
Jordyn Tyson,WR,Hamstring,IR,,New Orleans Saints,ESPN,2026-10-04 09:13:47.918632
Travis Etienne Jr.,RB,Hamstring,IR,,New Orleans Saints,ESPN,2026-10-04 09:13:47.918632
Devaughn Vele,WR,,Active,,New Orleans Saints,ESPN,2026-10-04 09:13:47.918632
Daniel Carlson,PK,,Active,,New Orleans Saints,ESPN,2026-10-04 09:13:47.918632
Tyree Wilson,DE,,Active,,New Orleans Saints,ESPN,2026-10-04 09:13:47.918632
John Ridgeway III,DT,,Active,,New Orleans Saints,ESPN,2026-10-04 09:13:47.918632
Treyton Welch,TE,,Active,,New Orleans Saints,ESPN,2026-10-04 09:13:47.918632
Juwan Johnson,TE,,Active,,New Orleans Saints,ESPN,2026-10-04 09:13:47.918632
Tyler Shough,QB,,Active,,New Orleans Saints,ESPN,2026-10-04 09:13:47.918632
Chris Olave,WR,,Active,,New Orleans Saints,ESPN,2026-10-04 09:13:47.918632
Zach Wilson,QB,,Active,,New Orleans Saints,ESPN,2026-10-04 09:13:47.918632
Kelvin Banks Jr.,OT,Ankle,IR,,New Orleans Saints,ESPN,2026-10-04 09:13:47.918632
Jonas Sanker,S,,Active,,New Orleans Saints,ESPN,2026-10-04 09:13:47.918632
Jake Haener,QB,,Active,,New York Giants,ESPN,2026-10-04 09:13:47.918632
Andrew Thomas,OT,,Active,,New York Giants,ESPN,2026-10-04 09:13:47.918632
Deonte Banks,CB,,Active,,New York Giants,ESPN,2026-10-04 09:13:47.918632
Tyler Nubin,S,,Active,,New York Giants,ESPN,2026-10-04 09:13:47.918632
Tyrone Tracy Jr.,RB,,Active,,New York Giants,ESPN,2026-10-04 09:13:47.918632
Jihad Ward,LB,,Active,,New York Giants,ESPN,2026-10-04 09:13:47.918632
Tremaine Edmunds,LB,,Active,,New York Giants,ESPN,2026-10-04 09:13:47.918632
Dru Phillips,CB,,Active,,New York Giants,ESPN,2026-10-04 09:13:47.918632
Arvell Reese,LB,,Active,,New York Giants,ESPN,2026-10-04 09:13:47.918632
Jaxson Dart,QB,Knee - Meniscus,IR,,New York Giants,ESPN,2026-10-04 09:13:47.918632
Darnell Mooney,WR,,Active,,New York Giants,ESPN,2026-10-04 09:13:47.918632
Malachi Fields,WR,,Active,,New York Giants,ESPN,2026-10-04 09:13:47.918632
Najee Harris,RB,,Active,,New York Giants,ESPN,2026-10-04 09:13:47.918632
Charlie Jones,WR,,Active,,New York Giants,ESPN,2026-10-04 09:13:47.918632
Brian Burns,LB,Knee - ACL,IR,,New York Giants,ESPN,2026-10-04 09:13:47.918632
Braxton Berrios,WR,,Active,,New York Giants,ESPN,2026-10-04 09:13:47.918632
Isaiah Likely,TE,,Active,,New York Giants,ESPN,2026-10-04 09:13:47.918632
Jameis Winston,QB,,Active,,New York Giants,ESPN,2026-10-04 09:13:47.918632
Josh Tupou,DT,,Active,,New York Giants,ESPN,2026-10-04 09:13:47.918632
J.C. Davis,OT,,Active,,New York Giants,ESPN,2026-10-04 09:13:47.918632
Bobby Jamison-Travis,DT,,Active,,New York Giants,ESPN,2026-10-04 09:13:47.918632
Thomas Fidone II,TE,,Active,,New York Giants,ESPN,2026-10-04 09:13:47.918632
Devin Singletary,RB,,Active,,New York Giants,ESPN,2026-10-04 09:13:47.918632
J.J. McCarthy,QB,,Active,,New York Giants,ESPN,2026-10-04 09:13:47.918632
Dominic Zvada,PK,,Active,,New York Giants,ESPN,2026-10-04 09:13:47.918632
Sterling Shepard,WR,,Active,,New York Jets,ESPN,2026-10-04 09:13:47.918632
Dylan Parham,G,Knee,Out,,New York Jets,ESPN,2026-10-04 09:13:47.918632
Isaiah Williams,WR,,Active,,New York Jets,ESPN,2026-10-04 09:13:47.918632
Jeremy Ruckert,TE,,Active,,New York Jets,ESPN,2026-10-04 09:13:47.918632
Kenyon Sadiq,TE,Back,Questionable,,New York Jets,ESPN,2026-10-04 09:13:47.918632
Adonai Mitchell,WR,Finger,Out,,New York Jets,ESPN,2026-10-04 09:13:47.918632
Kiko Mauigoa,LB,Quadriceps,Out,,New York Jets,ESPN,2026-10-04 09:13:47.918632
Breece Hall,RB,Quadriceps,Out,,New York Jets,ESPN,2026-10-04 09:13:47.918632
Mason Taylor,TE,Thumb,Out,,New York Jets,ESPN,2026-10-04 09:13:47.918632
Minkah Fitzpatrick,S,,Active,,New York Jets,ESPN,2026-10-04 09:13:47.918632
Kingsley Enagbare,LB,Knee,Questionable,,New York Jets,ESPN,2026-10-04 09:13:47.918632
Demario Davis,LB,,Active,,New York Jets,ESPN,2026-10-04 09:13:47.918632
Kene Nwangwu,RB,,Active,,New York Jets,ESPN,2026-10-04 09:13:47.918632
Jason Sanders,PK,,Active,,New York Jets,ESPN,2026-10-04 09:13:47.918632
Isaiah Davis,RB,,Active,,New York Jets,ESPN,2026-10-04 09:13:47.918632
Braelon Allen,RB,,Active,,New York Jets,ESPN,2026-10-04 09:13:47.918632
Nahshon Wright,CB,,Active,,New York Jets,ESPN,2026-10-04 09:13:47.918632
Geno Smith,QB,,Active,,New York Jets,ESPN,2026-10-04 09:13:47.918632
Garrett Wilson,WR,,Active,,New York Jets,ESPN,2026-10-04 09:13:47.918632
Qwan'tez Stiggers,CB,,Active,,New York Jets,ESPN,2026-10-04 09:13:47.918632
Joseph Ossai,DE,,Active,,New York Jets,ESPN,2026-10-04 09:13:47.918632
Jamaal Pritchett,WR,,Active,,New York Jets,ESPN,2026-10-04 09:13:47.918632
Arian Smith,WR,Knee - ACL,IR,,New York Jets,ESPN,2026-10-04 09:13:47.918632
David Onyemata,DT,Groin,IR,,New York Jets,ESPN,2026-10-04 09:13:47.918632
David Bailey,LB,,Active,,New York Jets,ESPN,2026-10-04 09:13:47.918632
Josiah Deguara,TE,,Active,,Philadelphia Eagles,ESPN,2026-10-04 09:13:47.918632
Zach Ertz,TE,,Active,,Philadelphia Eagles,ESPN,2026-10-04 09:13:47.918632
Fred Johnson,OT,Knee,Out,,Philadelphia Eagles,ESPN,2026-10-04 09:13:47.918632
Makai Lemon,WR,,Active,,Philadelphia Eagles,ESPN,2026-10-04 09:13:47.918632
Dontayvion Wicks,WR,,Active,,Philadelphia Eagles,ESPN,2026-10-04 09:13:47.918632
Marcus Epps,S,Groin,Out,,Philadelphia Eagles,ESPN,2026-10-04 09:13:47.918632
Zack Baun,LB,Concussion,Out,,Philadelphia Eagles,ESPN,2026-10-04 09:13:47.918632
Hollywood Brown,WR,Ankle,Out,,Philadelphia Eagles,ESPN,2026-10-04 09:13:47.918632
Will Shipley,RB,,Active,,Philadelphia Eagles,ESPN,2026-10-04 09:13:47.918632
Moro Ojomo,DT,,Active,,Philadelphia Eagles,ESPN,2026-10-04 09:13:47.918632
Dallas Goedert,TE,Knee - MCL,Out,,Philadelphia Eagles,ESPN,2026-10-04 09:13:47.918632
DeVonta Smith,WR,Hamstring,Out,,Philadelphia Eagles,ESPN,2026-10-04 09:13:47.918632
Jihaad Campbell,LB,,Active,,Philadelphia Eagles,ESPN,2026-10-04 09:13:47.918632
Tanner McKee,QB,,Active,,Philadelphia Eagles,ESPN,2026-10-04 09:13:47.918632
AJ Epenesa,DE,,Active,,Philadelphia Eagles,ESPN,2026-10-04 09:13:47.918632
Cole Payton,QB,,Active,,Philadelphia Eagles,ESPN,2026-10-04 09:13:47.918632
Kenny Moore II,CB,,Active,,Philadelphia Eagles,ESPN,2026-10-04 09:13:47.918632
Jake Elliott,PK,,Active,,Philadelphia Eagles,ESPN,2026-10-04 09:13:47.918632
Tank Bigsby,RB,,Active,,Philadelphia Eagles,ESPN,2026-10-04 09:13:47.918632
Jalen Hurts,QB,,Active,,Philadelphia Eagles,ESPN,2026-10-04 09:13:47.918632
Saquon Barkley,RB,,Active,,Philadelphia Eagles,ESPN,2026-10-04 09:13:47.918632
Jonathan Greenard,LB,,Active,,Philadelphia Eagles,ESPN,2026-10-04 09:13:47.918632
Andrew Mukuba,S,,Active,,Philadelphia Eagles,ESPN,2026-10-04 09:13:47.918632
Jalen Carter,DT,,Active,,Philadelphia Eagles,ESPN,2026-10-04 09:13:47.918632
Darius Cooper,WR,,Active,,Philadelphia Eagles,ESPN,2026-10-04 09:13:47.918632
Jaquan Brisker,S,,Active,,Pittsburgh Steelers,ESPN,2026-10-04 09:13:47.918632
Patrick Queen,LB,,Active,,Pittsburgh Steelers,ESPN,2026-10-04 09:13:47.918632
T.J. Watt,LB,,Active,,Pittsburgh Steelers,ESPN,2026-10-04 09:13:47.918632
Robert Spears-Jennings,S,,Active,,Pittsburgh Steelers,ESPN,2026-10-04 09:13:47.918632
Payton Wilson,LB,,Active,,Pittsburgh Steelers,ESPN,2026-10-04 09:13:47.918632
Germie Bernard,WR,,Active,,Pittsburgh Steelers,ESPN,2026-10-04 09:13:47.918632
Travis Homer,RB,,Active,,Pittsburgh Steelers,ESPN,2026-10-04 09:13:47.918632
Darnell Washington,TE,,Active,,Pittsburgh Steelers,ESPN,2026-10-04 09:13:47.918632
Michael Pittman Jr.,WR,,Active,,Pittsburgh Steelers,ESPN,2026-10-04 09:13:47.918632
Roman Wilson,WR,,Active,,Pittsburgh Steelers,ESPN,2026-10-04 09:13:47.918632
Pat Freiermuth,TE,,Active,,Pittsburgh Steelers,ESPN,2026-10-04 09:13:47.918632
Aaron Rodgers,QB,,Active,,Pittsburgh Steelers,ESPN,2026-10-04 09:13:47.918632
Chris Boswell,PK,,Active,,Pittsburgh Steelers,ESPN,2026-10-04 09:13:47.918632
DK Metcalf,WR,,Active,,Pittsburgh Steelers,ESPN,2026-10-04 09:13:47.918632
Jaylen Warren,RB,,Active,,Pittsburgh Steelers,ESPN,2026-10-04 09:13:47.918632
Jamel Dean,CB,Ankle,Questionable,,Pittsburgh Steelers,ESPN,2026-10-04 09:13:47.918632
Derrick Harmon,DT,Foot,Questionable,,Pittsburgh Steelers,ESPN,2026-10-04 09:13:47.918632
Yahya Black,DE,,Active,,Pittsburgh Steelers,ESPN,2026-10-04 09:13:47.918632
Jalen Ramsey,CB,,Active,,Pittsburgh Steelers,ESPN,2026-10-04 09:13:47.918632
Drew Allar,QB,Coach's Decision,Out,,Pittsburgh Steelers,ESPN,2026-10-04 09:13:47.918632
Will Howard,QB,Coach's Decision,Out,,Pittsburgh Steelers,ESPN,2026-10-04 09:13:47.918632
Gabriel Rubio,DE,Coach's Decision,Out,,Pittsburgh Steelers,ESPN,2026-10-04 09:13:47.918632
Kevin Jobity Jr.,DT,Coach's Decision,Out,,Pittsburgh Steelers,ESPN,2026-10-04 09:13:47.918632
Rico Dowdle,RB,Toe,Out,,Pittsburgh Steelers,ESPN,2026-10-04 09:13:47.918632
Eli Heidenreich,RB,Coach's Decision,Out,,Pittsburgh Steelers,ESPN,2026-10-04 09:13:47.918632
Malik Turner,WR,,Active,,San Francisco 49ers,ESPN,2026-10-04 09:13:47.918632
Trent Williams,OT,,Active,,San Francisco 49ers,ESPN,2026-10-04 09:13:47.918632
Romello Height,DE,,Active,,San Francisco 49ers,ESPN,2026-10-04 09:13:47.918632
Dre Greenlaw,LB,Quadriceps,Questionable,,San Francisco 49ers,ESPN,2026-10-04 09:13:47.918632
Jaden Dugger,LB,Shoulder,Questionable,,San Francisco 49ers,ESPN,2026-10-04 09:13:47.918632
Christian Kirk,WR,Calf,IR,,San Francisco 49ers,ESPN,2026-10-04 09:13:47.918632
Mike Evans,WR,Ribs,Questionable,,San Francisco 49ers,ESPN,2026-10-04 09:13:47.918632
Brandin Cooks,WR,,Active,,San Francisco 49ers,ESPN,2026-10-04 09:13:47.918632
Gracen Halton,DT,,Active,,San Francisco 49ers,ESPN,2026-10-04 09:13:47.918632
Mykel Williams,DE,Knee - ACL,Out,,San Francisco 49ers,ESPN,2026-10-04 09:13:47.918632
Keion White,DE,Hamstring,Questionable,,San Francisco 49ers,ESPN,2026-10-04 09:13:47.918632
Renardo Green,CB,,Active,,San Francisco 49ers,ESPN,2026-10-04 09:13:47.918632
Fred Warner,LB,,Active,,San Francisco 49ers,ESPN,2026-10-04 09:13:47.918632
Kaelon Black,RB,,Active,,San Francisco 49ers,ESPN,2026-10-04 09:13:47.918632
Jacob Cowing,WR,,Active,,San Francisco 49ers,ESPN,2026-10-04 09:13:47.918632
Jordan Watkins,WR,,Active,,San Francisco 49ers,ESPN,2026-10-04 09:13:47.918632
James Thompson Jr.,DT,Ankle,Out,,San Francisco 49ers,ESPN,2026-10-04 09:13:47.918632
Nick Bosa,DE,Calf,Out,,San Francisco 49ers,ESPN,2026-10-04 09:13:47.918632
Tatum Bethune,LB,,Active,,San Francisco 49ers,ESPN,2026-10-04 09:13:47.918632
Enrique Cruz Jr.,OT,,Active,,San Francisco 49ers,ESPN,2026-10-04 09:13:47.918632
Ephesians Prysock,CB,,Active,,San Francisco 49ers,ESPN,2026-10-04 09:13:47.918632
Kurtis Rourke,QB,,Active,,San Francisco 49ers,ESPN,2026-10-04 09:13:47.918632
Eddy Pineiro,PK,,Active,,San Francisco 49ers,ESPN,2026-10-04 09:13:47.918632
Deebo Samuel Sr.,WR,,Active,,San Francisco 49ers,ESPN,2026-10-04 09:13:47.918632
George Kittle,TE,,Active,,San Francisco 49ers,ESPN,2026-10-04 09:13:47.918632
Velus Jones Jr.,RB,,Active,,Seattle Seahawks,ESPN,2026-10-04 09:13:47.918632
Jadarian Price,RB,Chest,IR,,Seattle Seahawks,ESPN,2026-10-04 09:13:47.918632
Ty Okada,S,Hamstring,Questionable,,Seattle Seahawks,ESPN,2026-10-04 09:13:47.918632
Julian Love,S,,Active,,Seattle Seahawks,ESPN,2026-10-04 09:13:47.918632
Chazz Surratt,LB,Calf,Questionable,,Seattle Seahawks,ESPN,2026-10-04 09:13:47.918632
George Holani,RB,,Active,,Seattle Seahawks,ESPN,2026-10-04 09:13:47.918632
Zach Charbonnet,RB,Knee - ACL,Out,,Seattle Seahawks,ESPN,2026-10-04 09:13:47.918632
Emanuel Wilson,RB,,Active,,Seattle Seahawks,ESPN,2026-10-04 09:13:47.918632
Brandon Pili,DT,,Active,,Seattle Seahawks,ESPN,2026-10-04 09:13:47.918632
Grey Zabel,G,,Active,,Seattle Seahawks,ESPN,2026-10-04 09:13:47.918632
Jarran Reed,DT,,Active,,Seattle Seahawks,ESPN,2026-10-04 09:13:47.918632
Rashid Shaheed,WR,,Active,,Seattle Seahawks,ESPN,2026-10-04 09:13:47.918632
AJ Barner,TE,,Active,,Seattle Seahawks,ESPN,2026-10-04 09:13:47.918632
Connor O'Toole,LB,,Active,,Seattle Seahawks,ESPN,2026-10-04 09:13:47.918632
Montorie Foster Jr.,WR,,Active,,Seattle Seahawks,ESPN,2026-10-04 09:13:47.918632
Jalen Milroe,QB,,Active,,Seattle Seahawks,ESPN,2026-10-04 09:13:47.918632
Avery Smith,CB,,Active,,Seattle Seahawks,ESPN,2026-10-04 09:13:47.918632
Jason Myers,PK,,Active,,Seattle Seahawks,ESPN,2026-10-04 09:13:47.918632
Cooper Kupp,WR,,Active,,Seattle Seahawks,ESPN,2026-10-04 09:13:47.918632
Jaxon Smith-Njigba,WR,,Active,,Seattle Seahawks,ESPN,2026-10-04 09:13:47.918632
Sam Darnold,QB,,Active,,Seattle Seahawks,ESPN,2026-10-04 09:13:47.918632
Nick Emmanwori,S,,Active,,Seattle Seahawks,ESPN,2026-10-04 09:13:47.918632
Drew Lock,QB,,Active,,Seattle Seahawks,ESPN,2026-10-04 09:13:47.918632
Ernest Jones IV,LB,,Active,,Seattle Seahawks,ESPN,2026-10-04 09:13:47.918632
Brady Russell,FB,,Active,,Seattle Seahawks,ESPN,2026-10-04 09:13:47.918632
Jacob Parrish,CB,Personal,Questionable,,Tampa Bay Buccaneers,ESPN,2026-10-04 09:13:47.918632
Easton Stick,QB,,Active,,Tampa Bay Buccaneers,ESPN,2026-10-04 09:13:47.918632
SirVocea Dennis,LB,Calf,Questionable,,Tampa Bay Buccaneers,ESPN,2026-10-04 09:13:47.918632
Keionte Scott,CB,,Active,,Tampa Bay Buccaneers,ESPN,2026-10-04 09:13:47.918632
Yaya Diaby,LB,,Active,,Tampa Bay Buccaneers,ESPN,2026-10-04 09:13:47.918632
Bucky Irving,RB,,Active,,Tampa Bay Buccaneers,ESPN,2026-10-04 09:13:47.918632
Benjamin Morrison,CB,Quadriceps,Out,,Tampa Bay Buccaneers,ESPN,2026-10-04 09:13:47.918632
Ko Kieft,TE,Elbow,Out,,Tampa Bay Buccaneers,ESPN,2026-10-04 09:13:47.918632
Rueben Bain Jr.,LB,Groin,Out,,Tampa Bay Buccaneers,ESPN,2026-10-04 09:13:47.918632
Josiah Trotter,LB,,Active,,Tampa Bay Buccaneers,ESPN,2026-10-04 09:13:47.918632
Chris Godwin Jr.,WR,,Active,,Tampa Bay Buccaneers,ESPN,2026-10-04 09:13:47.918632
Rakeem Nunez-Roches,DT,Ankle,Questionable,,Tampa Bay Buccaneers,ESPN,2026-10-04 09:13:47.918632
Jalen McMillan,WR,Knee - PCL,IR,,Tampa Bay Buccaneers,ESPN,2026-10-04 09:13:47.918632
Sean Tucker,RB,,Active,,Tampa Bay Buccaneers,ESPN,2026-10-04 09:13:47.918632
Ifeatu Melifonwu,S,,Active,,Tampa Bay Buccaneers,ESPN,2026-10-04 09:13:47.918632
Cade Otton,TE,,Active,,Tampa Bay Buccaneers,ESPN,2026-10-04 09:13:47.918632
Kenny Gainwell,RB,,Active,,Tampa Bay Buccaneers,ESPN,2026-10-04 09:13:47.918632
Ayden Garnes,CB,,Active,,Tampa Bay Buccaneers,ESPN,2026-10-04 09:13:47.918632
Luke Haggard,G,,Active,,Tampa Bay Buccaneers,ESPN,2026-10-04 09:13:47.918632
Billy Schrauth,G,,Active,,Tampa Bay Buccaneers,ESPN,2026-10-04 09:13:47.918632
Jalon Daniels,QB,,Active,,Tampa Bay Buccaneers,ESPN,2026-10-04 09:13:47.918632
Baker Mayfield,QB,Thumb,Out,,Tampa Bay Buccaneers,ESPN,2026-10-04 09:13:47.918632
Ted Hurst III,WR,,Active,,Tampa Bay Buccaneers,ESPN,2026-10-04 09:13:47.918632
Chase McLaughlin,PK,,Active,,Tampa Bay Buccaneers,ESPN,2026-10-04 09:13:47.918632
Emeka Egbuka,WR,,Active,,Tampa Bay Buccaneers,ESPN,2026-10-04 09:13:47.918632
Garrett Dellinger,G,Illness,Questionable,,Tennessee Titans,ESPN,2026-10-04 09:13:47.918632
Kevin Winston Jr.,S,Shoulder,Questionable,,Tennessee Titans,ESPN,2026-10-04 09:13:47.918632
Tyjae Spears,RB,Ankle,Questionable,,Tennessee Titans,ESPN,2026-10-04 09:13:47.918632
John Franklin-Myers,DE,,Active,,Tennessee Titans,ESPN,2026-10-04 09:13:47.918632
Tony Pollard,RB,,Active,,Tennessee Titans,ESPN,2026-10-04 09:13:47.918632
Anthony Hill Jr.,LB,,Active,,Tennessee Titans,ESPN,2026-10-04 09:13:47.918632
Jeffery Simmons,DT,,Active,,Tennessee Titans,ESPN,2026-10-04 09:13:47.918632
Nicholas Singleton,RB,,Active,,Tennessee Titans,ESPN,2026-10-04 09:13:47.918632
Elic Ayomanor,WR,,Active,,Tennessee Titans,ESPN,2026-10-04 09:13:47.918632
Calvin Ridley,WR,,Active,,Tennessee Titans,ESPN,2026-10-04 09:13:47.918632
Jackson Slater,G,Foot,IR,,Tennessee Titans,ESPN,2026-10-04 09:13:47.918632
Fernando Carmona,G,Ankle,IR,,Tennessee Titans,ESPN,2026-10-04 09:13:47.918632
Michael Carter,RB,,Active,,Tennessee Titans,ESPN,2026-10-04 09:13:47.918632
Gunnar Helm,TE,,Active,,Tennessee Titans,ESPN,2026-10-04 09:13:47.918632
Joey Slye,PK,,Active,,Tennessee Titans,ESPN,2026-10-04 09:13:47.918632
Brandon Crenshaw-Dickson,OT,,Active,,Tennessee Titans,ESPN,2026-10-04 09:13:47.918632
Jaylon Jones,CB,,Active,,Tennessee Titans,ESPN,2026-10-04 09:13:47.918632
Atonio Mafi,G,,Active,,Tennessee Titans,ESPN,2026-10-04 09:13:47.918632
Kylen Granson,TE,,Active,,Tennessee Titans,ESPN,2026-10-04 09:13:47.918632
Jackie Marshall,DT,,Active,,Tennessee Titans,ESPN,2026-10-04 09:13:47.918632
Wan'Dale Robinson,WR,,Active,,Tennessee Titans,ESPN,2026-10-04 09:13:47.918632
Carnell Tate,WR,,Active,,Tennessee Titans,ESPN,2026-10-04 09:13:47.918632
Cam Ward,QB,,Active,,Tennessee Titans,ESPN,2026-10-04 09:13:47.918632
Cor'Dale Flott,CB,,Active,,Tennessee Titans,ESPN,2026-10-04 09:13:47.918632
Erick Hallett II,S,,Active,,Tennessee Titans,ESPN,2026-10-04 09:13:47.918632
Craig Reynolds,RB,,Active,,Washington Commanders,ESPN,2026-10-04 09:13:47.918632
Antonio Williams,WR,,Active,,Washington Commanders,ESPN,2026-10-04 09:13:47.918632
Stefon Diggs,WR,,Active,,Washington Commanders,ESPN,2026-10-04 09:13:47.918632
Terry McLaurin,WR,Hamstring,Questionable,,Washington Commanders,ESPN,2026-10-04 09:13:47.918632
Jacory Croskey-Merritt,RB,,Active,,Washington Commanders,ESPN,2026-10-04 09:13:47.918632
Frankie Luvu,LB,,Active,,Washington Commanders,ESPN,2026-10-04 09:13:47.918632
Ben Sinnott,TE,,Active,,Washington Commanders,ESPN,2026-10-04 09:13:47.918632
Chig Okonkwo,TE,,Active,,Washington Commanders,ESPN,2026-10-04 09:13:47.918632
Rachaad White,RB,Shoulder,Out,,Washington Commanders,ESPN,2026-10-04 09:13:47.918632
Nick Allegretti,G,,Active,,Washington Commanders,ESPN,2026-10-04 09:13:47.918632
Charles Omenihu,DE,,Active,,Washington Commanders,ESPN,2026-10-04 09:13:47.918632
Javon Kinlaw,DT,,Active,,Washington Commanders,ESPN,2026-10-04 09:13:47.918632
Lucas Patrick,G,,Active,,Washington Commanders,ESPN,2026-10-04 09:13:47.918632
Marcus Mariota,QB,,Active,,Washington Commanders,ESPN,2026-10-04 09:13:47.918632
Jayden Daniels,QB,Elbow,Out,,Washington Commanders,ESPN,2026-10-04 09:13:47.918632
Amik Robertson,CB,,Active,,Washington Commanders,ESPN,2026-10-04 09:13:47.918632
Sonny Styles,LB,,Active,,Washington Commanders,ESPN,2026-10-04 09:13:47.918632
Kain Medrano,LB,,Active,,Washington Commanders,ESPN,2026-10-04 09:13:47.918632
Nick Cross,S,Illness,Out,,Washington Commanders,ESPN,2026-10-04 09:13:47.918632
Sam Cosmi,G,Concussion,Out,,Washington Commanders,ESPN,2026-10-04 09:13:47.918632
Kaytron Allen,RB,,Active,,Washington Commanders,ESPN,2026-10-04 09:13:47.918632
Percy Butler,S,Concussion,Questionable,,Washington Commanders,ESPN,2026-10-04 09:13:47.918632
Leo Chenal,LB,Neck,IR,,Washington Commanders,ESPN,2026-10-04 09:13:47.918632
Austin Ekeler,RB,,Active,,Washington Commanders,ESPN,2026-10-04 09:13:47.918632
Javontae Jean-Baptiste,LB,,Active,,Washington Commanders,ESPN,2026-10-04 09:13:47.918632
