season,week,game_id,home_team,away_team,book_key,book_title,region,home_point,home_price,away_point,away_price,home_spread_normalized,fetched_at
2026,2,2026_02_DET_BUF,BUF,DET,draftkings,DraftKings,us,-5.5,-105,5.5,-115,5.5,2026-09-17T11:58:04
2026,2,2026_02_DET_BUF,BUF,DET,fanduel,FanDuel,us,-5.5,-112,5.5,-108,5.5,2026-09-17T11:58:04
2026,2,2026_02_DET_BUF,BUF,DET,betonlineag,BetOnline.ag,us,-5.5,-110,5.5,-110,5.5,2026-09-17T11:58:04
2026,2,2026_02_DET_BUF,BUF,DET,betmgm,BetMGM,us,-5.5,-110,5.5,-108,5.5,2026-09-17T11:58:04
2026,2,2026_02_DET_BUF,BUF,DET,lowvig,LowVig.ag,us,-5.5,-105,5.5,-105,5.5,2026-09-17T11:58:04
2026,2,2026_02_DET_BUF,BUF,DET,bovada,Bovada,us,-5.5,-110,5.5,-110,5.5,2026-09-17T11:58:04
2026,2,2026_02_DET_BUF,BUF,DET,betrivers,BetRivers,us,-5.0,-112,5.0,-109,5.0,2026-09-17T11:58:04
2026,2,2026_02_DET_BUF,BUF,DET,pointsbetca,PointsBet (CA - ON),ca,-5.5,-110,5.5,-110,5.5,2026-09-17T11:58:04
2026,2,2026_02_DET_BUF,BUF,DET,mybookieag,MyBookie.ag,us,-5.5,-110,5.5,-110,5.5,2026-09-17T11:58:04
2026,2,2026_02_DET_BUF,BUF,DET,sportsinteraction_ca_on,Sports Interaction (CA - ON),ca,-5.5,-110,5.5,-108,5.5,2026-09-17T11:58:04
2026,2,2026_02_DET_BUF,BUF,DET,betmgm_ca_on,BetMGM (CA - ON),ca,-5.5,-110,5.5,-108,5.5,2026-09-17T11:58:04
2026,2,2026_02_DET_BUF,BUF,DET,betrivers_ca_on,BetRivers (CA - ON),ca,-5.0,-112,5.0,-109,5.0,2026-09-17T11:58:04
2026,2,2026_02_DET_BUF,BUF,DET,betano_ca_on,Betano (CA - ON),ca,-5.5,-115,5.5,-114,5.5,2026-09-17T11:58:04
2026,2,2026_02_DET_BUF,BUF,DET,proline_ca_on,PROLINE (CA - ON),ca,-5.0,-125,5.0,-122,5.0,2026-09-17T11:58:04
2026,2,2026_02_DET_BUF,BUF,DET,betus,BetUS,us,-5.5,-110,5.5,-110,5.5,2026-09-17T11:58:04
2026,2,2026_02_DET_BUF,BUF,DET,playnow_ca,PlayNow (CA),ca,-4.0,-137,4.0,-105,4.0,2026-09-17T11:58:04
2026,2,2026_02_CAR_ATL,ATL,CAR,draftkings,DraftKings,us,2.5,-102,-2.5,-118,-2.5,2026-09-17T11:58:04
2026,2,2026_02_CAR_ATL,ATL,CAR,betus,BetUS,us,2.0,100,-2.0,-120,-2.0,2026-09-17T11:58:04
2026,2,2026_02_CAR_ATL,ATL,CAR,betano_ca_on,Betano (CA - ON),ca,2.5,-115,-2.5,-120,-2.5,2026-09-17T11:58:04
2026,2,2026_02_CAR_ATL,ATL,CAR,mybookieag,MyBookie.ag,us,2.5,-110,-2.5,-110,-2.5,2026-09-17T11:58:04
2026,2,2026_02_CAR_ATL,ATL,CAR,pointsbetca,PointsBet (CA - ON),ca,2.5,-105,-2.5,-115,-2.5,2026-09-17T11:58:04
2026,2,2026_02_CAR_ATL,ATL,CAR,lowvig,LowVig.ag,us,2.5,-104,-2.5,-106,-2.5,2026-09-17T11:58:04
2026,2,2026_02_CAR_ATL,ATL,CAR,betonlineag,BetOnline.ag,us,2.5,-105,-2.5,-115,-2.5,2026-09-17T11:58:04
2026,2,2026_02_CAR_ATL,ATL,CAR,fanduel,FanDuel,us,2.5,-115,-2.5,-105,-2.5,2026-09-17T11:58:04
2026,2,2026_02_CAR_ATL,ATL,CAR,betrivers_ca_on,BetRivers (CA - ON),ca,2.5,-106,-2.5,-115,-2.5,2026-09-17T11:58:04
2026,2,2026_02_CAR_ATL,ATL,CAR,betrivers,BetRivers,us,2.5,-106,-2.5,-115,-2.5,2026-09-17T11:58:04
2026,2,2026_02_CAR_ATL,ATL,CAR,proline_ca_on,PROLINE (CA - ON),ca,2.5,-120,-2.5,-130,-2.5,2026-09-17T11:58:04
2026,2,2026_02_CAR_ATL,ATL,CAR,betmgm,BetMGM,us,2.5,-108,-2.5,-112,-2.5,2026-09-17T11:58:04
2026,2,2026_02_CAR_ATL,ATL,CAR,sportsinteraction_ca_on,Sports Interaction (CA - ON),ca,2.5,-108,-2.5,-112,-2.5,2026-09-17T11:58:04
2026,2,2026_02_CAR_ATL,ATL,CAR,betmgm_ca_on,BetMGM (CA - ON),ca,2.5,-108,-2.5,-112,-2.5,2026-09-17T11:58:04
2026,2,2026_02_CAR_ATL,ATL,CAR,playnow_ca,PlayNow (CA),ca,1.5,-105,-1.5,-137,-1.5,2026-09-17T11:58:04
2026,2,2026_02_CAR_ATL,ATL,CAR,bovada,Bovada,us,2.5,100,-2.5,-120,-2.5,2026-09-17T11:58:04
2026,2,2026_02_NO_BAL,BAL,NO,draftkings,DraftKings,us,-8.5,-105,8.5,-115,8.5,2026-09-17T11:58:04
2026,2,2026_02_NO_BAL,BAL,NO,betus,BetUS,us,-9.0,100,9.0,-120,9.0,2026-09-17T11:58:04
2026,2,2026_02_NO_BAL,BAL,NO,betano_ca_on,Betano (CA - ON),ca,-8.5,-114,8.5,-122,8.5,2026-09-17T11:58:04
2026,2,2026_02_NO_BAL,BAL,NO,pointsbetca,PointsBet (CA - ON),ca,-8.5,-110,8.5,-110,8.5,2026-09-17T11:58:04
2026,2,2026_02_NO_BAL,BAL,NO,mybookieag,MyBookie.ag,us,-8.5,-110,8.5,-110,8.5,2026-09-17T11:58:04
2026,2,2026_02_NO_BAL,BAL,NO,lowvig,LowVig.ag,us,-9.0,106,9.0,-117,9.0,2026-09-17T11:58:04
2026,2,2026_02_NO_BAL,BAL,NO,betonlineag,BetOnline.ag,us,-9.0,101,9.0,-121,9.0,2026-09-17T11:58:04
2026,2,2026_02_NO_BAL,BAL,NO,fanduel,FanDuel,us,-8.5,-105,8.5,-115,8.5,2026-09-17T11:58:04
2026,2,2026_02_NO_BAL,BAL,NO,proline_ca_on,PROLINE (CA - ON),ca,-8.0,-127,8.0,-121,8.0,2026-09-17T11:58:04
2026,2,2026_02_NO_BAL,BAL,NO,betrivers_ca_on,BetRivers (CA - ON),ca,-8.0,-113,8.0,-108,8.0,2026-09-17T11:58:04
2026,2,2026_02_NO_BAL,BAL,NO,betrivers,BetRivers,us,-8.0,-113,8.0,-108,8.0,2026-09-17T11:58:04
2026,2,2026_02_NO_BAL,BAL,NO,betmgm_ca_on,BetMGM (CA - ON),ca,-8.5,-108,8.5,-110,8.5,2026-09-17T11:58:04
2026,2,2026_02_NO_BAL,BAL,NO,betmgm,BetMGM,us,-8.5,-108,8.5,-110,8.5,2026-09-17T11:58:04
2026,2,2026_02_NO_BAL,BAL,NO,sportsinteraction_ca_on,Sports Interaction (CA - ON),ca,-8.5,-108,8.5,-110,8.5,2026-09-17T11:58:04
2026,2,2026_02_NO_BAL,BAL,NO,bovada,Bovada,us,-7.5,-125,7.5,105,7.5,2026-09-17T11:58:04
2026,2,2026_02_NO_BAL,BAL,NO,playnow_ca,PlayNow (CA),ca,-7.0,-141,7.0,-102,7.0,2026-09-17T11:58:04
2026,2,2026_02_MIN_CHI,CHI,MIN,draftkings,DraftKings,us,-4.5,-108,4.5,-112,4.5,2026-09-17T11:58:04
2026,2,2026_02_MIN_CHI,CHI,MIN,betano_ca_on,Betano (CA - ON),ca,-4.5,-118,4.5,-118,4.5,2026-09-17T11:58:04
2026,2,2026_02_MIN_CHI,CHI,MIN,pointsbetca,PointsBet (CA - ON),ca,-4.5,-110,4.5,-110,4.5,2026-09-17T11:58:04
2026,2,2026_02_MIN_CHI,CHI,MIN,mybookieag,MyBookie.ag,us,-4.5,-110,4.5,-110,4.5,2026-09-17T11:58:04
2026,2,2026_02_MIN_CHI,CHI,MIN,lowvig,LowVig.ag,us,-4.5,-103,4.5,-107,4.5,2026-09-17T11:58:04
2026,2,2026_02_MIN_CHI,CHI,MIN,betonlineag,BetOnline.ag,us,-4.5,-108,4.5,-112,4.5,2026-09-17T11:58:04
2026,2,2026_02_MIN_CHI,CHI,MIN,betus,BetUS,us,-4.5,-110,4.5,-110,4.5,2026-09-17T11:58:04
2026,2,2026_02_MIN_CHI,CHI,MIN,fanduel,FanDuel,us,-4.5,-110,4.5,-110,4.5,2026-09-17T11:58:04
2026,2,2026_02_MIN_CHI,CHI,MIN,proline_ca_on,PROLINE (CA - ON),ca,-4.5,-124,4.5,-124,4.5,2026-09-17T11:58:04
2026,2,2026_02_MIN_CHI,CHI,MIN,betrivers_ca_on,BetRivers (CA - ON),ca,-4.5,-110,4.5,-110,4.5,2026-09-17T11:58:04
2026,2,2026_02_MIN_CHI,CHI,MIN,betrivers,BetRivers,us,-4.5,-110,4.5,-110,4.5,2026-09-17T11:58:04
2026,2,2026_02_MIN_CHI,CHI,MIN,betmgm_ca_on,BetMGM (CA - ON),ca,-4.5,-108,4.5,-110,4.5,2026-09-17T11:58:04
2026,2,2026_02_MIN_CHI,CHI,MIN,sportsinteraction_ca_on,Sports Interaction (CA - ON),ca,-4.5,-108,4.5,-110,4.5,2026-09-17T11:58:04
2026,2,2026_02_MIN_CHI,CHI,MIN,betmgm,BetMGM,us,-4.5,-108,4.5,-110,4.5,2026-09-17T11:58:04
2026,2,2026_02_MIN_CHI,CHI,MIN,playnow_ca,PlayNow (CA),ca,-3.5,-128,3.5,-112,3.5,2026-09-17T11:58:04
2026,2,2026_02_MIN_CHI,CHI,MIN,bovada,Bovada,us,-4.0,-115,4.0,-105,4.0,2026-09-17T11:58:04
2026,2,2026_02_CIN_HOU,HOU,CIN,draftkings,DraftKings,us,-2.5,-118,2.5,-102,2.5,2026-09-17T11:58:04
2026,2,2026_02_CIN_HOU,HOU,CIN,betus,BetUS,us,-2.0,-120,2.0,100,2.0,2026-09-17T11:58:04
2026,2,2026_02_CIN_HOU,HOU,CIN,betano_ca_on,Betano (CA - ON),ca,-2.5,-125,2.5,-111,2.5,2026-09-17T11:58:04
2026,2,2026_02_CIN_HOU,HOU,CIN,pointsbetca,PointsBet (CA - ON),ca,-2.5,-115,2.5,-105,2.5,2026-09-17T11:58:04
2026,2,2026_02_CIN_HOU,HOU,CIN,mybookieag,MyBookie.ag,us,-3.0,100,3.0,-120,3.0,2026-09-17T11:58:04
2026,2,2026_02_CIN_HOU,HOU,CIN,lowvig,LowVig.ag,us,-2.5,-114,2.5,103,2.5,2026-09-17T11:58:04
2026,2,2026_02_CIN_HOU,HOU,CIN,betonlineag,BetOnline.ag,us,-2.5,-118,2.5,-102,2.5,2026-09-17T11:58:04
2026,2,2026_02_CIN_HOU,HOU,CIN,fanduel,FanDuel,us,-2.5,-108,2.5,-112,2.5,2026-09-17T11:58:04
2026,2,2026_02_CIN_HOU,HOU,CIN,proline_ca_on,PROLINE (CA - ON),ca,-2.5,-125,2.5,-122,2.5,2026-09-17T11:58:04
2026,2,2026_02_CIN_HOU,HOU,CIN,betrivers_ca_on,BetRivers (CA - ON),ca,-2.5,-112,2.5,-109,2.5,2026-09-17T11:58:04
2026,2,2026_02_CIN_HOU,HOU,CIN,betrivers,BetRivers,us,-2.5,-112,2.5,-109,2.5,2026-09-17T11:58:04
2026,2,2026_02_CIN_HOU,HOU,CIN,betmgm_ca_on,BetMGM (CA - ON),ca,-2.5,-115,2.5,-102,2.5,2026-09-17T11:58:04
2026,2,2026_02_CIN_HOU,HOU,CIN,betmgm,BetMGM,us,-2.5,-115,2.5,-102,2.5,2026-09-17T11:58:04
2026,2,2026_02_CIN_HOU,HOU,CIN,sportsinteraction_ca_on,Sports Interaction (CA - ON),ca,-2.5,-115,2.5,-102,2.5,2026-09-17T11:58:04
2026,2,2026_02_CIN_HOU,HOU,CIN,bovada,Bovada,us,-2.5,-115,2.5,-105,2.5,2026-09-17T11:58:04
2026,2,2026_02_CIN_HOU,HOU,CIN,playnow_ca,PlayNow (CA),ca,-1.5,-141,1.5,-102,1.5,2026-09-17T11:58:04
2026,2,2026_02_CLE_TB,TB,CLE,draftkings,DraftKings,us,-8.5,-108,8.5,-112,8.5,2026-09-17T11:58:04
2026,2,2026_02_CLE_TB,TB,CLE,betus,BetUS,us,-9.0,100,9.0,-120,9.0,2026-09-17T11:58:04
2026,2,2026_02_CLE_TB,TB,CLE,betano_ca_on,Betano (CA - ON),ca,-7.5,-122,7.5,-114,7.5,2026-09-17T11:58:04
2026,2,2026_02_CLE_TB,TB,CLE,mybookieag,MyBookie.ag,us,-8.5,-110,8.5,-110,8.5,2026-09-17T11:58:04
2026,2,2026_02_CLE_TB,TB,CLE,pointsbetca,PointsBet (CA - ON),ca,-8.5,-110,8.5,-110,8.5,2026-09-17T11:58:04
2026,2,2026_02_CLE_TB,TB,CLE,lowvig,LowVig.ag,us,-9.0,107,9.0,-118,9.0,2026-09-17T11:58:04
2026,2,2026_02_CLE_TB,TB,CLE,betonlineag,BetOnline.ag,us,-8.5,-105,8.5,-115,8.5,2026-09-17T11:58:04
2026,2,2026_02_CLE_TB,TB,CLE,fanduel,FanDuel,us,-8.5,100,8.5,-122,8.5,2026-09-17T11:58:04
2026,2,2026_02_CLE_TB,TB,CLE,proline_ca_on,PROLINE (CA - ON),ca,-8.0,-127,8.0,-122,8.0,2026-09-17T11:58:04
2026,2,2026_02_CLE_TB,TB,CLE,betrivers_ca_on,BetRivers (CA - ON),ca,-8.0,-113,8.0,-108,8.0,2026-09-17T11:58:04
2026,2,2026_02_CLE_TB,TB,CLE,betrivers,BetRivers,us,-8.0,-113,8.0,-108,8.0,2026-09-17T11:58:04
2026,2,2026_02_CLE_TB,TB,CLE,betmgm_ca_on,BetMGM (CA - ON),ca,-8.5,-108,8.5,-110,8.5,2026-09-17T11:58:04
2026,2,2026_02_CLE_TB,TB,CLE,betmgm,BetMGM,us,-8.5,-108,8.5,-110,8.5,2026-09-17T11:58:04
2026,2,2026_02_CLE_TB,TB,CLE,sportsinteraction_ca_on,Sports Interaction (CA - ON),ca,-8.5,-108,8.5,-110,8.5,2026-09-17T11:58:04
2026,2,2026_02_CLE_TB,TB,CLE,bovada,Bovada,us,-8.0,-110,8.0,-110,8.0,2026-09-17T11:58:04
2026,2,2026_02_CLE_TB,TB,CLE,playnow_ca,PlayNow (CA),ca,-11.5,125,11.5,-179,11.5,2026-09-17T11:58:04
2026,2,2026_02_GB_NYJ,NYJ,GB,draftkings,DraftKings,us,3.5,-108,-3.5,-112,-3.5,2026-09-17T11:58:04
2026,2,2026_02_GB_NYJ,NYJ,GB,betano_ca_on,Betano (CA - ON),ca,3.5,-114,-3.5,-120,-3.5,2026-09-17T11:58:04
2026,2,2026_02_GB_NYJ,NYJ,GB,pointsbetca,PointsBet (CA - ON),ca,3.5,-110,-3.5,-110,-3.5,2026-09-17T11:58:04
2026,2,2026_02_GB_NYJ,NYJ,GB,mybookieag,MyBookie.ag,us,3.5,-110,-3.5,-110,-3.5,2026-09-17T11:58:04
2026,2,2026_02_GB_NYJ,NYJ,GB,lowvig,LowVig.ag,us,3.0,101,-3.0,-112,-3.0,2026-09-17T11:58:04
2026,2,2026_02_GB_NYJ,NYJ,GB,betonlineag,BetOnline.ag,us,3.5,-115,-3.5,-105,-3.5,2026-09-17T11:58:04
2026,2,2026_02_GB_NYJ,NYJ,GB,betus,BetUS,us,3.5,-115,-3.5,-105,-3.5,2026-09-17T11:58:04
2026,2,2026_02_GB_NYJ,NYJ,GB,fanduel,FanDuel,us,3.5,-106,-3.5,-114,-3.5,2026-09-17T11:58:04
2026,2,2026_02_GB_NYJ,NYJ,GB,betrivers,BetRivers,us,3.5,-109,-3.5,-112,-3.5,2026-09-17T11:58:04
2026,2,2026_02_GB_NYJ,NYJ,GB,proline_ca_on,PROLINE (CA - ON),ca,3.5,-122,-3.5,-125,-3.5,2026-09-17T11:58:04
2026,2,2026_02_GB_NYJ,NYJ,GB,betrivers_ca_on,BetRivers (CA - ON),ca,3.5,-109,-3.5,-112,-3.5,2026-09-17T11:58:04
2026,2,2026_02_GB_NYJ,NYJ,GB,betmgm_ca_on,BetMGM (CA - ON),ca,3.5,-110,-3.5,-108,-3.5,2026-09-17T11:58:04
2026,2,2026_02_GB_NYJ,NYJ,GB,sportsinteraction_ca_on,Sports Interaction (CA - ON),ca,3.5,-110,-3.5,-108,-3.5,2026-09-17T11:58:04
2026,2,2026_02_GB_NYJ,NYJ,GB,betmgm,BetMGM,us,3.5,-110,-3.5,-108,-3.5,2026-09-17T11:58:04
2026,2,2026_02_GB_NYJ,NYJ,GB,bovada,Bovada,us,3.0,-105,-3.0,-115,-3.0,2026-09-17T11:58:04
2026,2,2026_02_GB_NYJ,NYJ,GB,playnow_ca,PlayNow (CA),ca,7.0,-227,-7.0,150,-7.0,2026-09-17T11:58:04
2026,2,2026_02_PIT_NE,NE,PIT,draftkings,DraftKings,us,-5.5,-105,5.5,-115,5.5,2026-09-17T11:58:04
2026,2,2026_02_PIT_NE,NE,PIT,betus,BetUS,us,-5.0,-110,5.0,-110,5.0,2026-09-17T11:58:04
2026,2,2026_02_PIT_NE,NE,PIT,betano_ca_on,Betano (CA - ON),ca,-5.5,-118,5.5,-118,5.5,2026-09-17T11:58:04
2026,2,2026_02_PIT_NE,NE,PIT,pointsbetca,PointsBet (CA - ON),ca,-5.5,-105,5.5,-115,5.5,2026-09-17T11:58:04
2026,2,2026_02_PIT_NE,NE,PIT,mybookieag,MyBookie.ag,us,-5.0,-110,5.0,-110,5.0,2026-09-17T11:58:04
2026,2,2026_02_PIT_NE,NE,PIT,lowvig,LowVig.ag,us,-5.0,-105,5.0,-105,5.0,2026-09-17T11:58:04
2026,2,2026_02_PIT_NE,NE,PIT,betonlineag,BetOnline.ag,us,-5.0,-110,5.0,-110,5.0,2026-09-17T11:58:04
2026,2,2026_02_PIT_NE,NE,PIT,fanduel,FanDuel,us,-4.5,-120,4.5,-102,4.5,2026-09-17T11:58:04
2026,2,2026_02_PIT_NE,NE,PIT,betrivers,BetRivers,us,-5.5,-109,5.5,-112,5.5,2026-09-17T11:58:04
2026,2,2026_02_PIT_NE,NE,PIT,proline_ca_on,PROLINE (CA - ON),ca,-5.5,-122,5.5,-125,5.5,2026-09-17T11:58:04
2026,2,2026_02_PIT_NE,NE,PIT,betrivers_ca_on,BetRivers (CA - ON),ca,-5.5,-109,5.5,-112,5.5,2026-09-17T11:58:04
2026,2,2026_02_PIT_NE,NE,PIT,betmgm_ca_on,BetMGM (CA - ON),ca,-5.0,-110,5.0,-108,5.0,2026-09-17T11:58:04
2026,2,2026_02_PIT_NE,NE,PIT,sportsinteraction_ca_on,Sports Interaction (CA - ON),ca,-5.0,-110,5.0,-108,5.0,2026-09-17T11:58:04
2026,2,2026_02_PIT_NE,NE,PIT,betmgm,BetMGM,us,-5.0,-110,5.0,-108,5.0,2026-09-17T11:58:04
2026,2,2026_02_PIT_NE,NE,PIT,bovada,Bovada,us,-5.0,-110,5.0,-110,5.0,2026-09-17T11:58:04
2026,2,2026_02_PIT_NE,NE,PIT,playnow_ca,PlayNow (CA),ca,-2.5,-213,2.5,145,2.5,2026-09-17T11:58:04
2026,2,2026_02_PHI_TEN,TEN,PHI,draftkings,DraftKings,us,7.0,-110,-7.0,-110,-7.0,2026-09-17T11:58:04
2026,2,2026_02_PHI_TEN,TEN,PHI,betus,BetUS,us,7.0,-105,-7.0,-115,-7.0,2026-09-17T11:58:04
2026,2,2026_02_PHI_TEN,TEN,PHI,betano_ca_on,Betano (CA - ON),ca,7.5,-133,-7.5,-105,-7.5,2026-09-17T11:58:04
2026,2,2026_02_PHI_TEN,TEN,PHI,pointsbetca,PointsBet (CA - ON),ca,7.5,-120,-7.5,100,-7.5,2026-09-17T11:58:04
2026,2,2026_02_PHI_TEN,TEN,PHI,mybookieag,MyBookie.ag,us,7.0,-110,-7.0,-110,-7.0,2026-09-17T11:58:04
2026,2,2026_02_PHI_TEN,TEN,PHI,lowvig,LowVig.ag,us,7.0,-102,-7.0,-108,-7.0,2026-09-17T11:58:04
2026,2,2026_02_PHI_TEN,TEN,PHI,betonlineag,BetOnline.ag,us,7.0,-107,-7.0,-113,-7.0,2026-09-17T11:58:04
2026,2,2026_02_PHI_TEN,TEN,PHI,fanduel,FanDuel,us,7.0,-110,-7.0,-110,-7.0,2026-09-17T11:58:04
2026,2,2026_02_PHI_TEN,TEN,PHI,betrivers,BetRivers,us,7.0,-108,-7.0,-113,-7.0,2026-09-17T11:58:04
2026,2,2026_02_PHI_TEN,TEN,PHI,proline_ca_on,PROLINE (CA - ON),ca,7.0,-122,-7.0,-127,-7.0,2026-09-17T11:58:04
2026,2,2026_02_PHI_TEN,TEN,PHI,betrivers_ca_on,BetRivers (CA - ON),ca,7.0,-108,-7.0,-113,-7.0,2026-09-17T11:58:04
2026,2,2026_02_PHI_TEN,TEN,PHI,betmgm_ca_on,BetMGM (CA - ON),ca,7.0,-105,-7.0,-115,-7.0,2026-09-17T11:58:04
2026,2,2026_02_PHI_TEN,TEN,PHI,sportsinteraction_ca_on,Sports Interaction (CA - ON),ca,7.0,-105,-7.0,-115,-7.0,2026-09-17T11:58:04
2026,2,2026_02_PHI_TEN,TEN,PHI,betmgm,BetMGM,us,7.0,-105,-7.0,-115,-7.0,2026-09-17T11:58:04
2026,2,2026_02_PHI_TEN,TEN,PHI,bovada,Bovada,us,7.0,-105,-7.0,-115,-7.0,2026-09-17T11:58:04
2026,2,2026_02_PHI_TEN,TEN,PHI,playnow_ca,PlayNow (CA),ca,7.5,-130,-7.5,-108,-7.5,2026-09-17T11:58:04
2026,2,2026_02_JAX_DEN,DEN,JAX,draftkings,DraftKings,us,-2.5,-118,2.5,-102,2.5,2026-09-17T11:58:04
2026,2,2026_02_JAX_DEN,DEN,JAX,betus,BetUS,us,-2.0,-120,2.0,100,2.0,2026-09-17T11:58:04
2026,2,2026_02_JAX_DEN,DEN,JAX,betano_ca_on,Betano (CA - ON),ca,-2.5,-128,2.5,-108,2.5,2026-09-17T11:58:04
2026,2,2026_02_JAX_DEN,DEN,JAX,pointsbetca,PointsBet (CA - ON),ca,-2.5,-115,2.5,-105,2.5,2026-09-17T11:58:04
2026,2,2026_02_JAX_DEN,DEN,JAX,mybookieag,MyBookie.ag,us,-2.5,-115,2.5,-105,2.5,2026-09-17T11:58:04
2026,2,2026_02_JAX_DEN,DEN,JAX,lowvig,LowVig.ag,us,-3.0,102,3.0,-113,3.0,2026-09-17T11:58:04
2026,2,2026_02_JAX_DEN,DEN,JAX,betonlineag,BetOnline.ag,us,-2.5,-120,2.5,100,2.5,2026-09-17T11:58:04
2026,2,2026_02_JAX_DEN,DEN,JAX,fanduel,FanDuel,us,-2.5,-120,2.5,-102,2.5,2026-09-17T11:58:04
2026,2,2026_02_JAX_DEN,DEN,JAX,betrivers,BetRivers,us,-3.0,-112,3.0,-110,3.0,2026-09-17T11:58:04
2026,2,2026_02_JAX_DEN,DEN,JAX,proline_ca_on,PROLINE (CA - ON),ca,-3.0,-125,3.0,-124,3.0,2026-09-17T11:58:04
2026,2,2026_02_JAX_DEN,DEN,JAX,betrivers_ca_on,BetRivers (CA - ON),ca,-3.0,-112,3.0,-110,3.0,2026-09-17T11:58:04
2026,2,2026_02_JAX_DEN,DEN,JAX,betmgm_ca_on,BetMGM (CA - ON),ca,-2.5,-118,2.5,-102,2.5,2026-09-17T11:58:04
2026,2,2026_02_JAX_DEN,DEN,JAX,betmgm,BetMGM,us,-2.5,-118,2.5,-102,2.5,2026-09-17T11:58:04
2026,2,2026_02_JAX_DEN,DEN,JAX,sportsinteraction_ca_on,Sports Interaction (CA - ON),ca,-2.5,-118,2.5,-102,2.5,2026-09-17T11:58:04
2026,2,2026_02_JAX_DEN,DEN,JAX,playnow_ca,PlayNow (CA),ca,-4.0,130,4.0,-189,4.0,2026-09-17T11:58:04
2026,2,2026_02_JAX_DEN,DEN,JAX,bovada,Bovada,us,-3.0,100,3.0,-120,3.0,2026-09-17T11:58:04
2026,2,2026_02_LV_LAC,LAC,LV,draftkings,DraftKings,us,-6.5,-118,6.5,-102,6.5,2026-09-17T11:58:04
2026,2,2026_02_LV_LAC,LAC,LV,betus,BetUS,us,-7.0,100,7.0,-120,7.0,2026-09-17T11:58:04
2026,2,2026_02_LV_LAC,LAC,LV,betano_ca_on,Betano (CA - ON),ca,-6.5,-125,6.5,-111,6.5,2026-09-17T11:58:04
2026,2,2026_02_LV_LAC,LAC,LV,pointsbetca,PointsBet (CA - ON),ca,-6.5,-110,6.5,-110,6.5,2026-09-17T11:58:04
2026,2,2026_02_LV_LAC,LAC,LV,mybookieag,MyBookie.ag,us,-6.5,-110,6.5,-110,6.5,2026-09-17T11:58:04
2026,2,2026_02_LV_LAC,LAC,LV,lowvig,LowVig.ag,us,-6.5,-105,6.5,-105,6.5,2026-09-17T11:58:04
2026,2,2026_02_LV_LAC,LAC,LV,betonlineag,BetOnline.ag,us,-6.5,-110,6.5,-110,6.5,2026-09-17T11:58:04
2026,2,2026_02_LV_LAC,LAC,LV,fanduel,FanDuel,us,-6.5,-115,6.5,-105,6.5,2026-09-17T11:58:04
2026,2,2026_02_LV_LAC,LAC,LV,betrivers,BetRivers,us,-6.5,-118,6.5,-104,6.5,2026-09-17T11:58:04
2026,2,2026_02_LV_LAC,LAC,LV,proline_ca_on,PROLINE (CA - ON),ca,-6.5,-132,6.5,-117,6.5,2026-09-17T11:58:04
2026,2,2026_02_LV_LAC,LAC,LV,betrivers_ca_on,BetRivers (CA - ON),ca,-6.5,-118,6.5,-104,6.5,2026-09-17T11:58:04
2026,2,2026_02_LV_LAC,LAC,LV,betmgm_ca_on,BetMGM (CA - ON),ca,-6.5,-112,6.5,-105,6.5,2026-09-17T11:58:04
2026,2,2026_02_LV_LAC,LAC,LV,betmgm,BetMGM,us,-6.5,-112,6.5,-105,6.5,2026-09-17T11:58:04
2026,2,2026_02_LV_LAC,LAC,LV,sportsinteraction_ca_on,Sports Interaction (CA - ON),ca,-6.5,-112,6.5,-105,6.5,2026-09-17T11:58:04
2026,2,2026_02_LV_LAC,LAC,LV,bovada,Bovada,us,-6.5,-110,6.5,-110,6.5,2026-09-17T11:58:04
2026,2,2026_02_LV_LAC,LAC,LV,playnow_ca,PlayNow (CA),ca,-5.5,-137,5.5,-105,5.5,2026-09-17T11:58:04
2026,2,2026_02_SEA_ARI,ARI,SEA,draftkings,DraftKings,us,3.5,100,-3.5,-120,-3.5,2026-09-17T11:58:04
2026,2,2026_02_SEA_ARI,ARI,SEA,betus,BetUS,us,4.0,-110,-4.0,-110,-4.0,2026-09-17T11:58:04
2026,2,2026_02_SEA_ARI,ARI,SEA,betano_ca_on,Betano (CA - ON),ca,3.5,-114,-3.5,-120,-3.5,2026-09-17T11:58:04
2026,2,2026_02_SEA_ARI,ARI,SEA,pointsbetca,PointsBet (CA - ON),ca,3.5,-105,-3.5,-115,-3.5,2026-09-17T11:58:04
2026,2,2026_02_SEA_ARI,ARI,SEA,mybookieag,MyBookie.ag,us,4.0,-110,-4.0,-110,-4.0,2026-09-17T11:58:04
2026,2,2026_02_SEA_ARI,ARI,SEA,lowvig,LowVig.ag,us,4.0,-107,-4.0,-103,-4.0,2026-09-17T11:58:04
2026,2,2026_02_SEA_ARI,ARI,SEA,betonlineag,BetOnline.ag,us,4.0,-112,-4.0,-108,-4.0,2026-09-17T11:58:04
2026,2,2026_02_SEA_ARI,ARI,SEA,fanduel,FanDuel,us,4.5,-120,-4.5,-102,-4.5,2026-09-17T11:58:04
2026,2,2026_02_SEA_ARI,ARI,SEA,betrivers,BetRivers,us,4.0,-110,-4.0,-110,-4.0,2026-09-17T11:58:04
2026,2,2026_02_SEA_ARI,ARI,SEA,proline_ca_on,PROLINE (CA - ON),ca,4.0,-124,-4.0,-124,-4.0,2026-09-17T11:58:04
2026,2,2026_02_SEA_ARI,ARI,SEA,betrivers_ca_on,BetRivers (CA - ON),ca,4.0,-110,-4.0,-110,-4.0,2026-09-17T11:58:04
2026,2,2026_02_SEA_ARI,ARI,SEA,betmgm_ca_on,BetMGM (CA - ON),ca,4.0,-110,-4.0,-108,-4.0,2026-09-17T11:58:04
2026,2,2026_02_SEA_ARI,ARI,SEA,betmgm,BetMGM,us,4.0,-110,-4.0,-108,-4.0,2026-09-17T11:58:04
2026,2,2026_02_SEA_ARI,ARI,SEA,sportsinteraction_ca_on,Sports Interaction (CA - ON),ca,4.0,-110,-4.0,-108,-4.0,2026-09-17T11:58:04
2026,2,2026_02_SEA_ARI,ARI,SEA,bovada,Bovada,us,3.5,-105,-3.5,-115,-3.5,2026-09-17T11:58:04
2026,2,2026_02_SEA_ARI,ARI,SEA,playnow_ca,PlayNow (CA),ca,3.0,105,-3.0,-154,-3.0,2026-09-17T11:58:04
2026,2,2026_02_WAS_DAL,DAL,WAS,draftkings,DraftKings,us,-4.5,-105,4.5,-115,4.5,2026-09-17T11:58:04
2026,2,2026_02_WAS_DAL,DAL,WAS,betus,BetUS,us,-4.0,-110,4.0,-110,4.0,2026-09-17T11:58:04
2026,2,2026_02_WAS_DAL,DAL,WAS,betano_ca_on,Betano (CA - ON),ca,-3.5,-125,3.5,-111,3.5,2026-09-17T11:58:04
2026,2,2026_02_WAS_DAL,DAL,WAS,pointsbetca,PointsBet (CA - ON),ca,-3.5,-115,3.5,-105,3.5,2026-09-17T11:58:04
2026,2,2026_02_WAS_DAL,DAL,WAS,mybookieag,MyBookie.ag,us,-4.0,-110,4.0,-110,4.0,2026-09-17T11:58:04
2026,2,2026_02_WAS_DAL,DAL,WAS,lowvig,LowVig.ag,us,-4.0,-105,4.0,-105,4.0,2026-09-17T11:58:04
2026,2,2026_02_WAS_DAL,DAL,WAS,betonlineag,BetOnline.ag,us,-4.0,-110,4.0,-110,4.0,2026-09-17T11:58:04
2026,2,2026_02_WAS_DAL,DAL,WAS,fanduel,FanDuel,us,-4.5,-102,4.5,-120,4.5,2026-09-17T11:58:04
2026,2,2026_02_WAS_DAL,DAL,WAS,proline_ca_on,PROLINE (CA - ON),ca,-4.0,-125,4.0,-124,4.0,2026-09-17T11:58:04
2026,2,2026_02_WAS_DAL,DAL,WAS,betrivers_ca_on,BetRivers (CA - ON),ca,-4.0,-112,4.0,-109,4.0,2026-09-17T11:58:04
2026,2,2026_02_WAS_DAL,DAL,WAS,betrivers,BetRivers,us,-4.0,-112,4.0,-109,4.0,2026-09-17T11:58:04
2026,2,2026_02_WAS_DAL,DAL,WAS,betmgm_ca_on,BetMGM (CA - ON),ca,-4.0,-110,4.0,-108,4.0,2026-09-17T11:58:04
2026,2,2026_02_WAS_DAL,DAL,WAS,sportsinteraction_ca_on,Sports Interaction (CA - ON),ca,-4.0,-110,4.0,-108,4.0,2026-09-17T11:58:04
2026,2,2026_02_WAS_DAL,DAL,WAS,betmgm,BetMGM,us,-4.0,-110,4.0,-108,4.0,2026-09-17T11:58:04
2026,2,2026_02_WAS_DAL,DAL,WAS,playnow_ca,PlayNow (CA),ca,-6.0,110,6.0,-159,6.0,2026-09-17T11:58:04
2026,2,2026_02_WAS_DAL,DAL,WAS,bovada,Bovada,us,-4.0,-110,4.0,-110,4.0,2026-09-17T11:58:04
2026,2,2026_02_MIA_SF,SF,MIA,draftkings,DraftKings,us,-13.5,-105,13.5,-115,13.5,2026-09-17T11:58:04
2026,2,2026_02_MIA_SF,SF,MIA,betus,BetUS,us,-13.0,-115,13.0,-105,13.0,2026-09-17T11:58:04
2026,2,2026_02_MIA_SF,SF,MIA,betano_ca_on,Betano (CA - ON),ca,-12.5,-125,12.5,-111,12.5,2026-09-17T11:58:04
2026,2,2026_02_MIA_SF,SF,MIA,pointsbetca,PointsBet (CA - ON),ca,-13.5,-110,13.5,-110,13.5,2026-09-17T11:58:04
2026,2,2026_02_MIA_SF,SF,MIA,mybookieag,MyBookie.ag,us,-13.0,-110,13.0,-110,13.0,2026-09-17T11:58:04
2026,2,2026_02_MIA_SF,SF,MIA,lowvig,LowVig.ag,us,-13.0,-105,13.0,-105,13.0,2026-09-17T11:58:04
2026,2,2026_02_MIA_SF,SF,MIA,betonlineag,BetOnline.ag,us,-13.0,-115,13.0,-105,13.0,2026-09-17T11:58:04
2026,2,2026_02_MIA_SF,SF,MIA,fanduel,FanDuel,us,-13.5,-104,13.5,-118,13.5,2026-09-17T11:58:04
2026,2,2026_02_MIA_SF,SF,MIA,betrivers,BetRivers,us,-13.5,-114,13.5,-107,13.5,2026-09-17T11:58:04
2026,2,2026_02_MIA_SF,SF,MIA,proline_ca_on,PROLINE (CA - ON),ca,-13.5,-129,13.5,-121,13.5,2026-09-17T11:58:04
2026,2,2026_02_MIA_SF,SF,MIA,betrivers_ca_on,BetRivers (CA - ON),ca,-13.5,-114,13.5,-107,13.5,2026-09-17T11:58:04
2026,2,2026_02_MIA_SF,SF,MIA,betmgm_ca_on,BetMGM (CA - ON),ca,-13.5,-110,13.5,-110,13.5,2026-09-17T11:58:04
2026,2,2026_02_MIA_SF,SF,MIA,sportsinteraction_ca_on,Sports Interaction (CA - ON),ca,-13.5,-110,13.5,-110,13.5,2026-09-17T11:58:04
2026,2,2026_02_MIA_SF,SF,MIA,betmgm,BetMGM,us,-13.5,-110,13.5,-110,13.5,2026-09-17T11:58:04
2026,2,2026_02_MIA_SF,SF,MIA,bovada,Bovada,us,-13.0,-115,13.0,-105,13.0,2026-09-17T11:58:04
2026,2,2026_02_MIA_SF,SF,MIA,playnow_ca,PlayNow (CA),ca,-10.0,-175,10.0,120,10.0,2026-09-17T11:58:04
2026,2,2026_02_IND_KC,KC,IND,draftkings,DraftKings,us,-6.5,-120,6.5,100,6.5,2026-09-17T11:58:04
2026,2,2026_02_IND_KC,KC,IND,betus,BetUS,us,-6.5,-110,6.5,-110,6.5,2026-09-17T11:58:04
2026,2,2026_02_IND_KC,KC,IND,betano_ca_on,Betano (CA - ON),ca,-6.5,-118,6.5,-118,6.5,2026-09-17T11:58:04
2026,2,2026_02_IND_KC,KC,IND,betonlineag,BetOnline.ag,us,-6.5,-115,6.5,-105,6.5,2026-09-17T11:58:04
2026,2,2026_02_IND_KC,KC,IND,pointsbetca,PointsBet (CA - ON),ca,-6.5,-115,6.5,-105,6.5,2026-09-17T11:58:04
2026,2,2026_02_IND_KC,KC,IND,lowvig,LowVig.ag,us,-6.5,-110,6.5,100,6.5,2026-09-17T11:58:04
2026,2,2026_02_IND_KC,KC,IND,fanduel,FanDuel,us,-6.5,-115,6.5,-105,6.5,2026-09-17T11:58:04
2026,2,2026_02_IND_KC,KC,IND,betrivers,BetRivers,us,-7.0,-104,7.0,-118,7.0,2026-09-17T11:58:04
2026,2,2026_02_IND_KC,KC,IND,proline_ca_on,PROLINE (CA - ON),ca,-7.0,-115,7.0,-134,7.0,2026-09-17T11:58:04
2026,2,2026_02_IND_KC,KC,IND,betrivers_ca_on,BetRivers (CA - ON),ca,-7.0,-104,7.0,-118,7.0,2026-09-17T11:58:04
2026,2,2026_02_IND_KC,KC,IND,mybookieag,MyBookie.ag,us,-6.5,-115,6.5,-105,6.5,2026-09-17T11:58:04
2026,2,2026_02_IND_KC,KC,IND,playnow_ca,PlayNow (CA),ca,-3.5,-179,3.5,125,3.5,2026-09-17T11:58:04
2026,2,2026_02_IND_KC,KC,IND,bovada,Bovada,us,-6.5,-110,6.5,-110,6.5,2026-09-17T11:58:04
2026,2,2026_02_NYG_LA,LA,NYG,draftkings,DraftKings,us,-7.0,-118,7.0,-102,7.0,2026-09-17T11:58:04
2026,2,2026_02_NYG_LA,LA,NYG,betus,BetUS,us,-7.0,-115,7.0,-105,7.0,2026-09-17T11:58:04
2026,2,2026_02_NYG_LA,LA,NYG,betano_ca_on,Betano (CA - ON),ca,-7.5,-108,7.5,-128,7.5,2026-09-17T11:58:04
2026,2,2026_02_NYG_LA,LA,NYG,betonlineag,BetOnline.ag,us,-7.0,-115,7.0,-105,7.0,2026-09-17T11:58:04
2026,2,2026_02_NYG_LA,LA,NYG,lowvig,LowVig.ag,us,-7.0,-108,7.0,-102,7.0,2026-09-17T11:58:04
2026,2,2026_02_NYG_LA,LA,NYG,fanduel,FanDuel,us,-7.5,-104,7.5,-118,7.5,2026-09-17T11:58:04
2026,2,2026_02_NYG_LA,LA,NYG,pointsbetca,PointsBet (CA - ON),ca,-7.5,-105,7.5,-115,7.5,2026-09-17T11:58:04
2026,2,2026_02_NYG_LA,LA,NYG,proline_ca_on,PROLINE (CA - ON),ca,-7.0,-125,7.0,-122,7.0,2026-09-17T11:58:04
2026,2,2026_02_NYG_LA,LA,NYG,betrivers_ca_on,BetRivers (CA - ON),ca,-7.0,-112,7.0,-109,7.0,2026-09-17T11:58:04
2026,2,2026_02_NYG_LA,LA,NYG,betrivers,BetRivers,us,-7.0,-112,7.0,-109,7.0,2026-09-17T11:58:04
2026,2,2026_02_NYG_LA,LA,NYG,betmgm_ca_on,BetMGM (CA - ON),ca,-7.5,-105,7.5,-120,7.5,2026-09-17T11:58:04
2026,2,2026_02_NYG_LA,LA,NYG,sportsinteraction_ca_on,Sports Interaction (CA - ON),ca,-7.5,-105,7.5,-120,7.5,2026-09-17T11:58:04
2026,2,2026_02_NYG_LA,LA,NYG,betmgm,BetMGM,us,-7.5,-105,7.5,-120,7.5,2026-09-17T11:58:04
2026,2,2026_02_NYG_LA,LA,NYG,mybookieag,MyBookie.ag,us,-7.0,-110,7.0,-110,7.0,2026-09-17T11:58:04
2026,2,2026_02_NYG_LA,LA,NYG,playnow_ca,PlayNow (CA),ca,-8.5,100,8.5,-141,8.5,2026-09-17T11:58:04
2026,2,2026_02_NYG_LA,LA,NYG,bovada,Bovada,us,-7.0,-115,7.0,-105,7.0,2026-09-17T11:58:04
