feature,importance_mean,model
homeTeamBlowoutPct,0.13563801,spread
homeTeamWinPct,0.1339497,spread
spread_line,0.1320169,spread
homeTeamSpreadCoveredPct,0.13154939,spread
awayTeamBlowoutPct,0.12888151,spread
awayTeamWinPct,0.11853577,spread
awayTeamSpreadCoveredPct,0.10979124,spread
homeTeamAvgPointDiff,0.10963746,spread
spread_line,0.18394126,moneyline
homeTeamOverHitPct,0.13863201,moneyline
homeTeamWinPct,0.12643887,moneyline
awayTeamGamesPlayed,0.124254204,moneyline
homeTeamBlowoutPct,0.11782742,moneyline
awayTeamWinPct,0.1073447,moneyline
homeTeamAvgTotal,0.10425344,moneyline
homeTeamSpreadCoveredPct,0.097308055,moneyline
over_odds,0.15628032,totals
homeTeamOverHitPct,0.15136401,totals
awayTeamAvgTotal,0.14874439,totals
total_line,0.14443937,totals
awayTeamBlowoutPct,0.13641785,totals
homeTeamAvgPointSpread,0.13148698,totals
home_spread_odds,0.13126709,totals
