week,season,game_date,player_name,display_name,position,team,opponent,is_home,prop_type,line_type,line_value,prob_over,prob_under,recommendation,confidence,model_reliable,avg_L3,avg_L5,avg_L10,trend,weather_adjusted,weather_conditions,market_line,market_book,market_implied_prob,market_edge,market_line_available
3,2026,2026-09-28 00:00:00+00:00,T.Bigsby,Tank Bigsby,RB,PHI,CHI,False,receptions,starter,3.5,0.07692673057317734,0.9230732917785645,UNDER,0.9230732917785645,False,0.6666666666666666,0.6,0.8,➡️,False,Skipped,,,,,False
3,2026,2026-09-28 00:00:00+00:00,S.Barkley,Saquon Barkley,RB,PHI,CHI,False,rushing_yards,star_rb,55.0,0.920124351978302,0.079875648021698,OVER,0.920124351978302,True,110.66666666666669,82.0,80.5,🔥,False,Skipped,72.5,draftkings,0.5,,True
3,2026,2026-09-28 00:00:00+00:00,D.Smythe,Durham Smythe,TE,CHI,PHI,True,receptions,starter,3.5,0.1076732650399208,0.8923267126083374,UNDER,0.8923267126083374,False,1.0,0.8,0.8,➡️,False,Skipped,,,,,False
3,2026,2026-09-28 00:00:00+00:00,W.Shipley,Will Shipley,RB,PHI,CHI,False,receptions,starter,3.5,0.10818835347890854,0.8918116688728333,UNDER,0.8918116688728333,False,1.0,1.2,1.375,➡️,False,Skipped,,,,,False
3,2026,2026-09-28 00:00:00+00:00,G.Calcaterra,Grant Calcaterra,TE,PHI,CHI,False,receptions,starter,3.5,0.11227522790431976,0.887724757194519,UNDER,0.887724757194519,False,1.0,1.0,1.1,🔥,False,Skipped,,,,,False
3,2026,2026-09-28 00:00:00+00:00,A.Brown,Ahmarean Brown,WR,PHI,CHI,False,receiving_yards,elite_wr,70.0,0.8830476403236389,0.11695235967636108,OVER,0.8830476403236389,False,78.66666666666667,95.6,78.4,❄️,False,Skipped,,,,,False
3,2026,2026-09-28 00:00:00+00:00,D.Swift,D'Andre Swift,RB,CHI,PHI,True,rushing_yards,star_rb,55.0,0.8652982711791992,0.13470172882080078,OVER,0.8652982711791992,True,70.0,79.6,75.2,❄️,False,Skipped,59.5,draftkings,0.5,,True
3,2026,2026-09-28 00:00:00+00:00,A.Brown,Ahmarean Brown,WR,PHI,CHI,False,receptions,star_wr,5.5,0.8594250082969666,0.14057499170303345,OVER,0.8594250082969666,False,5.666666666666667,7.0,5.9,❄️,False,Skipped,,,,,False
3,2026,2026-09-28 00:00:00+00:00,G.Calcaterra,Grant Calcaterra,TE,PHI,CHI,False,receiving_yards,starter,27.0,0.15899640321731567,0.8410035967826843,UNDER,0.8410035967826843,True,5.0,6.6,10.3,➡️,False,Skipped,,,,,False
3,2026,2026-09-28 00:00:00+00:00,D.Duvernay,Devin Duvernay,WR,CHI,PHI,True,receiving_yards,starter,27.0,0.19762690365314484,0.8023731112480164,UNDER,0.8023731112480164,True,10.0,15.0,11.5,➡️,False,Skipped,,,,,False
3,2026,2026-09-28 00:00:00+00:00,D.Duvernay,Devin Duvernay,WR,CHI,PHI,True,receptions,starter,3.5,0.20484541356563568,0.7951545715332031,UNDER,0.7951545715332031,False,1.0,1.4,1.5,➡️,False,Skipped,,,,,False
3,2026,2026-09-28 00:00:00+00:00,J.Dotson,Jahan Dotson,WR,PHI,CHI,False,receptions,starter,3.5,0.21064519882202148,0.7893548011779785,UNDER,0.7893548011779785,False,1.3333333333333333,1.0,1.0,🔥,False,Skipped,,,,,False
3,2026,2026-09-28 00:00:00+00:00,D.Swift,D'Andre Swift,RB,CHI,PHI,True,rushing_tds,good_rb,0.5,0.7859334945678711,0.2140665054321289,OVER,0.7859334945678711,False,1.3333333333333333,1.0,0.7,❄️,False,Skipped,,,,,False
3,2026,2026-09-28 00:00:00+00:00,D.Smythe,Durham Smythe,TE,CHI,PHI,True,receiving_tds,anytime,0.5,0.22315238416194916,0.7768476009368896,UNDER,0.7768476009368896,False,0.0,0.0,0.0,➡️,False,Skipped,,,,,False
3,2026,2026-09-28 00:00:00+00:00,A.Brown,Ahmarean Brown,WR,PHI,CHI,False,receiving_tds,good_wr,0.5,0.7731673717498779,0.22683262825012207,OVER,0.7731673717498779,False,0.3333333333333333,0.8,0.6,❄️,False,Skipped,,,,,False
3,2026,2026-09-28 00:00:00+00:00,W.Shipley,Will Shipley,RB,PHI,CHI,False,rushing_yards,starter,24.0,0.2320799082517624,0.7679200768470764,UNDER,0.7679200768470764,True,7.0,9.4,19.1,❄️,False,Skipped,,,,,False
3,2026,2026-09-28 00:00:00+00:00,D.Smythe,Durham Smythe,TE,CHI,PHI,True,receiving_yards,starter,27.0,0.23969466984272003,0.7603053450584412,UNDER,0.7603053450584412,True,4.666666666666667,3.8,4.6,➡️,False,Skipped,,,,,False
3,2026,2026-09-28 00:00:00+00:00,D.Swift,D'Andre Swift,RB,CHI,PHI,True,receptions,starter,3.5,0.2415357530117035,0.7584642171859741,UNDER,0.7584642171859741,False,1.6666666666666667,1.8,1.8,➡️,False,Skipped,1.5,draftkings,0.543978976657907,,True
3,2026,2026-09-28 00:00:00+00:00,C.Kmet,Cole Kmet,TE,CHI,PHI,True,receiving_tds,anytime,0.5,0.25,0.75,UNDER,0.75,False,0.0,0.2,0.1,❄️,False,Skipped,,,,,False
3,2026,2026-09-28 00:00:00+00:00,O.Zaccheaus,Olamide Zaccheaus,WR,CHI,PHI,True,receiving_yards,starter,27.0,0.25,0.75,UNDER,0.75,True,8.666666666666666,7.4,20.2,🔥,False,Skipped,,,,,False
3,2026,2026-09-28 00:00:00+00:00,D.Duvernay,Devin Duvernay,WR,CHI,PHI,True,receiving_tds,anytime,0.5,0.25,0.75,UNDER,0.75,False,0.0,0.0,0.0,➡️,False,Skipped,,,,,False
3,2026,2026-09-28 00:00:00+00:00,T.McKee,Tanner McKee,QB,PHI,CHI,False,passing_yards,starter,200.0,0.25,0.75,UNDER,0.75,True,118.66666666666669,118.66666666666669,118.66666666666669,➡️,False,Skipped,,,,,False
3,2026,2026-09-28 00:00:00+00:00,B.Covey,Britain Covey,WR,PHI,CHI,False,receiving_tds,anytime,0.5,0.25,0.75,UNDER,0.75,False,0.0,0.0,0.0,➡️,False,Skipped,,,,,False
3,2026,2026-09-28 00:00:00+00:00,S.Barkley,Saquon Barkley,RB,PHI,CHI,False,receptions,starter,3.5,0.25,0.75,UNDER,0.75,False,0.6666666666666666,2.0,2.3,❄️,False,Skipped,2.5,draftkings,0.4291044776119403,,True
3,2026,2026-09-28 00:00:00+00:00,W.Shipley,Will Shipley,RB,PHI,CHI,False,rushing_tds,anytime,0.5,0.25,0.75,UNDER,0.75,False,0.0,0.0,0.1,➡️,False,Skipped,,,,,False
3,2026,2026-09-28 00:00:00+00:00,T.Bigsby,Tank Bigsby,RB,PHI,CHI,False,rushing_tds,anytime,0.5,0.25,0.75,UNDER,0.75,False,0.3333333333333333,0.2,0.1,➡️,False,Skipped,,,,,False
3,2026,2026-09-28 00:00:00+00:00,B.Covey,Britain Covey,WR,PHI,CHI,False,receiving_yards,starter,27.0,0.25,0.75,UNDER,0.75,True,11.333333333333334,15.2,15.2,❄️,False,Skipped,,,,,False
3,2026,2026-09-28 00:00:00+00:00,O.Zaccheaus,Olamide Zaccheaus,WR,CHI,PHI,True,receiving_tds,anytime,0.5,0.25,0.75,UNDER,0.75,False,0.3333333333333333,0.2,0.2,➡️,False,Skipped,,,,,False
3,2026,2026-09-28 00:00:00+00:00,O.Zaccheaus,Olamide Zaccheaus,WR,CHI,PHI,True,receptions,starter,3.5,0.25,0.75,UNDER,0.75,False,1.3333333333333333,1.2,2.8,➡️,False,Skipped,,,,,False
3,2026,2026-09-28 00:00:00+00:00,G.Calcaterra,Grant Calcaterra,TE,PHI,CHI,False,receiving_tds,anytime,0.5,0.25,0.75,UNDER,0.75,False,0.0,0.0,0.0,➡️,False,Skipped,,,,,False
3,2026,2026-09-28 00:00:00+00:00,A.Dillon,AJ Dillon,RB,PHI,CHI,False,rushing_tds,anytime,0.5,0.25,0.75,UNDER,0.75,False,0.0,0.0,0.1,➡️,False,Skipped,,,,,False
3,2026,2026-09-28 00:00:00+00:00,J.Dotson,Jahan Dotson,WR,PHI,CHI,False,receiving_tds,anytime,0.5,0.25,0.75,UNDER,0.75,False,0.0,0.0,0.1,➡️,False,Skipped,,,,,False
3,2026,2026-09-28 00:00:00+00:00,J.Dotson,Jahan Dotson,WR,PHI,CHI,False,receiving_yards,starter,27.0,0.25,0.75,UNDER,0.75,True,5.333333333333333,5.6,15.2,🔥,False,Skipped,,,,,False
3,2026,2026-09-28 00:00:00+00:00,C.Loveland,Colston Loveland,TE,CHI,PHI,True,receiving_yards,good_wr,35.0,0.7429741621017456,0.2570258378982544,OVER,0.7429741621017456,False,62.333333333333336,48.8,54.4,🔥,False,Skipped,36.5,draftkings,0.5042122999157539,,True
3,2026,2026-09-28 00:00:00+00:00,S.Barkley,Saquon Barkley,RB,PHI,CHI,False,rushing_tds,anytime,0.5,0.7288159132003784,0.2711840867996216,OVER,0.7288159132003784,False,1.0,0.6,0.4,🔥,False,Skipped,,,,,False
3,2026,2026-09-28 00:00:00+00:00,C.Loveland,Colston Loveland,TE,CHI,PHI,True,receptions,good_wr,4.5,0.6970422267913818,0.30295777320861816,OVER,0.6970422267913818,False,4.333333333333333,4.0,4.0,🔥,False,Skipped,3.5,draftkings,0.487517163899638,,True
3,2026,2026-09-28 00:00:00+00:00,C.Kmet,Cole Kmet,TE,CHI,PHI,True,receptions,starter,3.5,0.31477606296539307,0.6852239370346069,UNDER,0.6852239370346069,False,2.0,2.2,2.0,➡️,False,Skipped,1.5,draftkings,0.510397604391948,,True
3,2026,2026-09-28 00:00:00+00:00,A.Dillon,AJ Dillon,RB,PHI,CHI,False,receptions,starter,3.5,0.32649222016334534,0.673507809638977,UNDER,0.673507809638977,False,1.6666666666666667,2.4,2.1,➡️,False,Skipped,,,,,False
3,2026,2026-09-28 00:00:00+00:00,B.Covey,Britain Covey,WR,PHI,CHI,False,receptions,starter,3.5,0.35779333114624023,0.6422066688537598,UNDER,0.6422066688537598,False,2.333333333333333,2.2,2.2,❄️,False,Skipped,,,,,False
3,2026,2026-09-28 00:00:00+00:00,J.Hurts,Jalen Hurts,QB,PHI,CHI,False,passing_yards,starter,200.0,0.5842391848564148,0.4157608151435852,OVER,0.5842391848564148,True,200.0,223.8,222.5,❄️,False,Skipped,218.5,draftkings,0.4978941161605526,,True
3,2026,2026-09-28 00:00:00+00:00,J.Hurts,Jalen Hurts,QB,PHI,CHI,False,passing_tds,good_qb,1.5,0.5747457146644592,0.42525428533554077,OVER,0.5747457146644592,False,1.6666666666666667,1.6,1.7,🔥,False,Skipped,,,,,False
3,2026,2026-09-28 00:00:00+00:00,C.Kmet,Cole Kmet,TE,CHI,PHI,True,receiving_yards,starter,27.0,0.4259716272354126,0.5740283727645874,UNDER,0.5740283727645874,True,19.33333333333333,27.2,21.5,❄️,False,Skipped,9.5,draftkings,0.495787700084246,,True
3,2026,2026-09-28 00:00:00+00:00,C.Loveland,Colston Loveland,TE,CHI,PHI,True,receiving_tds,good_wr,0.5,0.5716394782066345,0.4283605217933655,OVER,0.5716394782066345,False,0.3333333333333333,0.4,0.5,🔥,False,Skipped,,,,,False
3,2026,2026-09-28 00:00:00+00:00,T.Bigsby,Tank Bigsby,RB,PHI,CHI,False,rushing_yards,starter,24.0,0.5605665445327759,0.4394334554672241,OVER,0.5605665445327759,True,33.666666666666664,22.6,28.1,🔥,False,Skipped,,,,,False
3,2026,2026-09-28 00:00:00+00:00,A.Dillon,AJ Dillon,RB,PHI,CHI,False,rushing_yards,starter,24.0,0.4498087763786316,0.5501912236213684,UNDER,0.5501912236213684,True,16.0,17.0,29.5,❄️,False,Skipped,13.5,draftkings,0.5021058838394474,,True
